fixed acidity,volatile acidity,citric acid,residual sugar,chlorides,free sulfur dioxide,total sulfur dioxide,density,pH,sulphates,alcohol,quality,red,quality2
8.9,0.59,0.5,2.0,0.337,27.0,81.0,0.9964,3.04,1.61,9.5,good,1,good
7.7,0.69,0.22,1.9,0.084,18.0,94.0,0.9961,3.31,0.48,9.5,bad,1,bad
8.8,0.685,0.26,1.6,0.088,16.0,23.0,0.99694,3.32,0.47,9.4,bad,1,bad
11.4,0.46,0.5,2.7,0.122,4.0,17.0,1.0006,3.13,0.7,10.2,bad,1,bad
8.8,0.24,0.54,2.5,0.083,25.0,57.0,0.9983,3.39,0.54,9.2,bad,1,bad
6.3,0.3,0.48,1.8,0.069,18.0,61.0,0.9959,3.44,0.78,10.3,good,1,good
5.8,0.29,0.26,1.7,0.063,3.0,11.0,0.9915,3.39,0.54,13.5,good,1,good
8.8,0.6,0.29,2.2,0.098,5.0,15.0,0.9988,3.36,0.49,9.1,bad,1,bad
7.2,0.57,0.05,2.3,0.081,16.0,36.0,0.99564,3.38,0.6,10.3,good,1,good
8.4,0.34,0.42,2.1,0.072,23.0,36.0,0.99392,3.11,0.78,12.4,good,1,good
7.7,0.53,0.06,1.7,0.074,9.0,39.0,0.99615,3.35,0.48,9.8,good,1,good
7.3,0.43,0.24,2.5,0.078,27.0,67.0,0.99648,3.6,0.59,11.1,good,1,good
8.9,0.59,0.39,2.3,0.095,5.0,22.0,0.9986,3.37,0.58,10.3,bad,1,bad
11.4,0.36,0.69,2.1,0.09,6.0,21.0,1.0,3.17,0.62,9.2,good,1,good
9.6,0.77,0.12,2.9,0.082,30.0,74.0,0.99865,3.3,0.64,10.4,good,1,good
6.2,0.64,0.09,2.5,0.081,15.0,26.0,0.99538,3.57,0.63,12.0,bad,1,bad
7.4,0.67,0.12,1.6,0.186,5.0,21.0,0.996,3.39,0.54,9.5,bad,1,bad
6.6,0.5,0.0,1.8,0.062,21.0,28.0,0.99352,3.44,0.55,12.3,good,1,good
7.6,0.42,0.25,3.9,0.104,28.0,90.0,0.99784,3.15,0.57,9.1,bad,1,bad
7.6,0.36,0.31,1.7,0.079,26.0,65.0,0.99716,3.46,0.62,9.5,good,1,good
10.0,0.49,0.2,11.0,0.071,13.0,50.0,1.0015,3.16,0.69,9.2,good,1,good
10.5,0.42,0.66,2.95,0.116,12.0,29.0,0.997,3.24,0.75,11.7,good,1,good
9.3,0.37,0.44,1.6,0.038,21.0,42.0,0.99526,3.24,0.81,10.8,good,1,good
7.2,0.36,0.46,2.1,0.074,24.0,44.0,0.99534,3.4,0.85,11.0,good,1,good
8.2,0.57,0.26,2.2,0.06,28.0,65.0,0.9959,3.3,0.43,10.1,bad,1,bad
5.6,0.54,0.04,1.7,0.049,5.0,13.0,0.9942,3.72,0.58,11.4,bad,1,bad
7.4,0.64,0.17,5.4,0.168,52.0,98.0,0.99736,3.28,0.5,9.5,bad,1,bad
6.2,0.43,0.22,1.8,0.078,21.0,56.0,0.99633,3.52,0.6,9.5,good,1,good
7.1,0.34,0.28,2.0,0.082,31.0,68.0,0.99694,3.45,0.48,9.4,bad,1,bad
8.0,0.43,0.36,2.3,0.075,10.0,48.0,0.9976,3.34,0.46,9.4,bad,1,bad
8.4,0.52,0.22,2.7,0.084,4.0,18.0,0.99682,3.26,0.57,9.9,good,1,good
6.8,0.47,0.08,2.2,0.064,18.0,38.0,0.99553,3.3,0.65,9.6,good,1,good
10.6,0.28,0.39,15.5,0.069,6.0,23.0,1.0026,3.12,0.66,9.2,bad,1,bad
8.3,0.54,0.24,3.4,0.076,16.0,112.0,0.9976,3.27,0.61,9.4,bad,1,bad
6.0,0.42,0.19,2.0,0.075,22.0,47.0,0.99522,3.39,0.78,10.0,good,1,good
11.9,0.4,0.65,2.15,0.068,7.0,27.0,0.9988,3.06,0.68,11.3,good,1,good
7.0,0.56,0.17,1.7,0.065,15.0,24.0,0.99514,3.44,0.68,10.55,good,1,good
6.9,0.55,0.15,2.2,0.076,19.0,40.0,0.9961,3.41,0.59,10.1,bad,1,bad
7.0,0.78,0.08,2.0,0.093,10.0,19.0,0.9956,3.4,0.47,10.0,bad,1,bad
7.6,0.54,0.02,1.7,0.085,17.0,31.0,0.99589,3.37,0.51,10.4,good,1,good
8.8,0.41,0.64,2.2,0.093,9.0,42.0,0.9986,3.54,0.66,10.5,bad,1,bad
9.3,0.49,0.36,1.7,0.081,3.0,14.0,0.99702,3.27,0.78,10.9,good,1,good
6.8,0.56,0.03,1.7,0.084,18.0,35.0,0.9968,3.44,0.63,10.0,good,1,good
8.5,0.37,0.2,2.8,0.09,18.0,58.0,0.998,3.34,0.7,9.6,good,1,good
9.9,0.74,0.28,2.6,0.078,21.0,77.0,0.998,3.28,0.51,9.8,bad,1,bad
8.1,0.78,0.23,2.6,0.059,5.0,15.0,0.997,3.37,0.56,11.3,bad,1,bad
7.6,1.58,0.0,2.1,0.137,5.0,9.0,0.99476,3.5,0.4,10.9,bad,1,bad
10.7,0.35,0.53,2.6,0.07,5.0,16.0,0.9972,3.15,0.65,11.0,good,1,good
8.9,0.38,0.4,2.2,0.068,12.0,28.0,0.99486,3.27,0.75,12.6,good,1,good
7.2,0.62,0.06,2.7,0.077,15.0,85.0,0.99746,3.51,0.54,9.5,bad,1,bad
7.1,0.755,0.15,1.8,0.107,20.0,84.0,0.99593,3.19,0.5,9.5,bad,1,bad
7.6,0.29,0.49,2.7,0.092,25.0,60.0,0.9971,3.31,0.61,10.1,good,1,good
8.0,0.59,0.16,1.8,0.065,3.0,16.0,0.9962,3.42,0.92,10.5,good,1,good
8.6,0.8,0.11,2.3,0.084,12.0,31.0,0.9979,3.4,0.48,9.9,bad,1,bad
7.2,0.6,0.04,2.5,0.076,18.0,88.0,0.99745,3.53,0.55,9.5,bad,1,bad
8.5,0.655,0.49,6.1,0.122,34.0,151.0,1.001,3.31,1.14,9.3,bad,1,bad
9.8,0.66,0.39,3.2,0.083,21.0,59.0,0.9989,3.37,0.71,11.5,good,1,good
6.2,0.785,0.0,2.1,0.06,6.0,13.0,0.99664,3.59,0.61,10.0,bad,1,bad
9.6,0.41,0.37,2.3,0.091,10.0,23.0,0.99786,3.24,0.56,10.5,bad,1,bad
7.4,0.64,0.07,1.8,0.1,8.0,23.0,0.9961,3.3,0.58,9.6,bad,1,bad
5.2,0.645,0.0,2.15,0.08,15.0,28.0,0.99444,3.78,0.61,12.5,good,1,good
12.3,0.39,0.63,2.3,0.091,6.0,18.0,1.0004,3.16,0.49,9.5,bad,1,bad
11.5,0.315,0.54,2.1,0.084,5.0,15.0,0.9987,2.98,0.7,9.2,good,1,good
7.0,0.54,0.0,2.1,0.079,39.0,55.0,0.9956,3.39,0.84,11.4,good,1,good
7.9,0.3,0.68,8.3,0.05,37.5,289.0,0.99316,3.01,0.51,12.3,good,1,good
8.2,0.28,0.4,2.4,0.052,4.0,10.0,0.99356,3.33,0.7,12.8,good,1,good
7.1,0.715,0.0,2.35,0.071,21.0,47.0,0.99632,3.29,0.45,9.4,bad,1,bad
6.9,0.84,0.21,4.1,0.074,16.0,65.0,0.99842,3.53,0.72,9.25,good,1,good
11.9,0.37,0.69,2.3,0.078,12.0,24.0,0.9958,3.0,0.65,12.8,good,1,good
6.6,0.735,0.02,7.9,0.122,68.0,124.0,0.9994,3.47,0.53,9.9,bad,1,bad
9.3,0.36,0.39,1.5,0.08,41.0,55.0,0.99652,3.47,0.73,10.9,good,1,good
7.1,0.59,0.01,2.3,0.08,27.0,43.0,0.9955,3.42,0.58,10.7,good,1,good
8.1,0.785,0.52,2.0,0.122,37.0,153.0,0.9969,3.21,0.69,9.3,bad,1,bad
7.6,0.41,0.14,3.0,0.087,21.0,43.0,0.9964,3.32,0.57,10.5,good,1,good
8.2,0.31,0.4,2.2,0.058,6.0,10.0,0.99536,3.31,0.68,11.2,good,1,good
10.6,0.36,0.59,2.2,0.152,6.0,18.0,0.9986,3.04,1.05,9.4,bad,1,bad
11.9,0.58,0.66,2.5,0.072,6.0,37.0,0.9992,3.05,0.56,10.0,bad,1,bad
8.2,0.38,0.32,2.5,0.08,24.0,71.0,0.99624,3.27,0.85,11.0,good,1,good
8.0,0.57,0.23,3.2,0.073,17.0,119.0,0.99675,3.26,0.57,9.3,bad,1,bad
9.2,0.67,0.1,3.0,0.091,12.0,48.0,0.99888,3.31,0.54,9.5,good,1,good
12.5,0.56,0.49,2.4,0.064,5.0,27.0,0.9999,3.08,0.87,10.9,bad,1,bad
10.2,0.54,0.37,15.4,0.214,55.0,95.0,1.00369,3.18,0.77,9.0,good,1,good
8.1,1.33,0.0,1.8,0.082,3.0,12.0,0.9964,3.54,0.48,10.9,bad,1,bad
9.8,0.5,0.34,2.3,0.094,10.0,45.0,0.99864,3.24,0.6,9.7,good,1,good
9.1,0.5,0.3,1.9,0.065,8.0,17.0,0.99774,3.32,0.71,10.5,good,1,good
6.6,0.61,0.0,1.6,0.069,4.0,8.0,0.99396,3.33,0.37,10.4,bad,1,bad
7.5,0.685,0.07,2.5,0.058,5.0,9.0,0.99632,3.38,0.55,10.9,bad,1,bad
9.0,0.39,0.4,1.3,0.044,25.0,50.0,0.99478,3.2,0.83,10.9,good,1,good
9.4,0.24,0.33,2.3,0.061,52.0,73.0,0.99786,3.47,0.9,10.2,good,1,good
8.7,0.29,0.52,1.6,0.113,12.0,37.0,0.9969,3.25,0.58,9.5,bad,1,bad
7.5,0.53,0.06,2.6,0.086,20.0,44.0,0.9965,3.38,0.59,10.7,good,1,good
8.2,0.44,0.24,2.3,0.063,10.0,28.0,0.99613,3.25,0.53,10.2,good,1,good
6.7,0.675,0.07,2.4,0.089,17.0,82.0,0.9958,3.35,0.54,10.1,bad,1,bad
7.2,0.62,0.06,2.5,0.078,17.0,84.0,0.99746,3.51,0.53,9.7,bad,1,bad
7.5,0.58,0.56,3.1,0.153,5.0,14.0,0.99476,3.21,1.03,11.6,good,1,good
5.7,0.6,0.0,1.4,0.063,11.0,18.0,0.99191,3.45,0.56,12.2,good,1,good
7.5,0.755,0.0,1.9,0.084,6.0,12.0,0.99672,3.34,0.49,9.7,bad,1,bad
12.4,0.4,0.51,2.0,0.059,6.0,24.0,0.9994,3.04,0.6,9.3,good,1,good
7.7,0.41,0.76,1.8,0.611,8.0,45.0,0.9968,3.06,1.26,9.4,bad,1,bad
12.0,0.63,0.5,1.4,0.071,6.0,26.0,0.99791,3.07,0.6,10.4,bad,1,bad
7.8,0.48,0.68,1.7,0.415,14.0,32.0,0.99656,3.09,1.06,9.1,good,1,good
7.9,0.43,0.21,1.6,0.106,10.0,37.0,0.9966,3.17,0.91,9.5,bad,1,bad
8.7,0.78,0.51,1.7,0.415,12.0,66.0,0.99623,3.0,1.17,9.2,bad,1,bad
5.6,0.85,0.05,1.4,0.045,12.0,88.0,0.9924,3.56,0.82,12.9,good,1,good
7.9,0.2,0.35,1.7,0.054,7.0,15.0,0.99458,3.32,0.8,11.9,good,1,good
8.2,0.28,0.6,3.0,0.104,10.0,22.0,0.99828,3.39,0.68,10.6,bad,1,bad
9.2,0.52,1.0,3.4,0.61,32.0,69.0,0.9996,2.74,2.0,9.4,bad,1,bad
10.1,0.43,0.4,2.6,0.092,13.0,52.0,0.99834,3.22,0.64,10.0,good,1,good
11.6,0.23,0.57,1.8,0.074,3.0,8.0,0.9981,3.14,0.7,9.9,good,1,good
8.8,0.955,0.05,1.8,0.075,5.0,19.0,0.99616,3.3,0.44,9.6,bad,1,bad
7.7,0.57,0.21,1.5,0.069,4.0,9.0,0.99458,3.16,0.54,9.8,good,1,good
8.3,0.58,0.13,2.9,0.096,14.0,63.0,0.9984,3.17,0.62,9.1,good,1,good
7.9,0.6,0.06,1.6,0.069,15.0,59.0,0.9964,3.3,0.46,9.4,bad,1,bad
7.3,0.66,0.0,2.0,0.084,6.0,23.0,0.9983,3.61,0.96,9.9,good,1,good
6.6,0.52,0.08,2.4,0.07,13.0,26.0,0.99358,3.4,0.72,12.5,good,1,good
8.2,0.34,0.37,1.9,0.057,43.0,74.0,0.99408,3.23,0.81,12.0,good,1,good
10.4,0.44,0.73,6.55,0.074,38.0,76.0,0.999,3.17,0.85,12.0,good,1,good
7.1,0.56,0.14,1.6,0.078,7.0,18.0,0.99592,3.27,0.62,9.3,bad,1,bad
8.0,0.62,0.33,2.7,0.088,16.0,37.0,0.9972,3.31,0.58,10.7,good,1,good
8.8,0.64,0.17,2.9,0.084,25.0,130.0,0.99818,3.23,0.54,9.6,bad,1,bad
6.8,0.36,0.32,1.8,0.067,4.0,8.0,0.9928,3.36,0.55,12.8,good,1,good
7.7,0.69,0.05,2.7,0.075,15.0,27.0,0.9974,3.26,0.61,9.1,bad,1,bad
8.8,0.27,0.39,2.0,0.1,20.0,27.0,0.99546,3.15,0.69,11.2,good,1,good
6.9,0.4,0.24,2.5,0.083,30.0,45.0,0.9959,3.26,0.58,10.0,bad,1,bad
6.9,0.67,0.06,2.1,0.08,8.0,33.0,0.99845,3.68,0.71,9.6,bad,1,bad
7.8,0.58,0.13,2.1,0.102,17.0,36.0,0.9944,3.24,0.53,11.2,good,1,good
5.8,0.61,0.11,1.8,0.066,18.0,28.0,0.99483,3.55,0.66,10.9,good,1,good
8.9,0.4,0.51,2.6,0.052,13.0,27.0,0.995,3.32,0.9,13.4,good,1,good
11.9,0.38,0.49,2.7,0.098,12.0,42.0,1.0004,3.16,0.61,10.3,bad,1,bad
8.0,0.38,0.06,1.8,0.078,12.0,49.0,0.99625,3.37,0.52,9.9,good,1,good
12.5,0.38,0.6,2.6,0.081,31.0,72.0,0.9996,3.1,0.73,10.5,bad,1,bad
5.3,0.47,0.11,2.2,0.048,16.0,89.0,0.99182,3.54,0.88,13.6,good,1,good
7.0,0.42,0.35,1.6,0.088,16.0,39.0,0.9961,3.34,0.55,9.2,bad,1,bad
6.2,0.51,0.14,1.9,0.056,15.0,34.0,0.99396,3.48,0.57,11.5,good,1,good
8.3,0.28,0.48,2.1,0.093,6.0,12.0,0.99408,3.26,0.62,12.4,good,1,good
9.0,0.46,0.23,2.8,0.092,28.0,104.0,0.9983,3.1,0.56,9.2,bad,1,bad
6.8,0.61,0.04,1.5,0.057,5.0,10.0,0.99525,3.42,0.6,9.5,bad,1,bad
8.7,0.7,0.24,2.5,0.226,5.0,15.0,0.9991,3.32,0.6,9.0,good,1,good
7.5,0.57,0.08,2.6,0.089,14.0,27.0,0.99592,3.3,0.59,10.4,good,1,good
9.9,0.27,0.49,5.0,0.082,9.0,17.0,0.99484,3.19,0.52,12.5,good,1,good
7.4,0.965,0.0,2.2,0.088,16.0,32.0,0.99756,3.58,0.67,10.2,bad,1,bad
7.4,0.29,0.38,1.7,0.062,9.0,30.0,0.9968,3.41,0.53,9.5,good,1,good
9.5,0.46,0.24,2.7,0.092,14.0,44.0,0.998,3.12,0.74,10.0,good,1,good
12.7,0.6,0.49,2.8,0.075,5.0,19.0,0.9994,3.14,0.57,11.4,bad,1,bad
7.1,0.59,0.02,2.3,0.082,24.0,94.0,0.99744,3.55,0.53,9.7,good,1,good
7.3,0.59,0.26,7.2,0.07,35.0,121.0,0.9981,3.37,0.49,9.4,bad,1,bad
10.6,0.44,0.68,4.1,0.114,6.0,24.0,0.997,3.06,0.66,13.4,good,1,good
14.0,0.41,0.63,3.8,0.089,6.0,47.0,1.0014,3.01,0.81,10.8,good,1,good
8.8,0.61,0.3,2.8,0.088,17.0,46.0,0.9976,3.26,0.51,9.3,bad,1,bad
7.5,0.42,0.32,2.7,0.067,7.0,25.0,0.99628,3.24,0.44,10.4,bad,1,bad
6.3,0.6,0.1,1.6,0.048,12.0,26.0,0.99306,3.55,0.51,12.1,bad,1,bad
7.2,0.41,0.3,2.1,0.083,35.0,72.0,0.997,3.44,0.52,9.4,bad,1,bad
7.5,0.6,0.03,1.8,0.095,25.0,99.0,0.995,3.35,0.54,10.1,bad,1,bad
7.7,0.965,0.1,2.1,0.112,11.0,22.0,0.9963,3.26,0.5,9.5,bad,1,bad
7.8,0.57,0.31,1.8,0.069,26.0,120.0,0.99625,3.29,0.53,9.3,bad,1,bad
7.9,1.04,0.05,2.2,0.084,13.0,29.0,0.9959,3.22,0.55,9.9,good,1,good
10.3,0.41,0.42,2.4,0.213,6.0,14.0,0.9994,3.19,0.62,9.5,good,1,good
9.0,0.82,0.05,2.4,0.081,26.0,96.0,0.99814,3.36,0.53,10.0,bad,1,bad
8.7,0.675,0.1,1.6,0.09,4.0,11.0,0.99745,3.31,0.65,9.55,bad,1,bad
9.0,0.45,0.49,2.6,0.084,21.0,75.0,0.9987,3.35,0.57,9.7,bad,1,bad
8.2,0.42,0.49,2.6,0.084,32.0,55.0,0.9988,3.34,0.75,8.7,good,1,good
7.3,0.51,0.18,2.1,0.07,12.0,28.0,0.99768,3.52,0.73,9.5,good,1,good
7.9,0.18,0.4,1.8,0.062,7.0,20.0,0.9941,3.28,0.7,11.1,bad,1,bad
7.7,0.69,0.49,1.8,0.115,20.0,112.0,0.9968,3.21,0.71,9.3,bad,1,bad
7.7,0.935,0.43,2.2,0.114,22.0,114.0,0.997,3.25,0.73,9.2,bad,1,bad
8.0,0.83,0.27,2.0,0.08,11.0,63.0,0.99652,3.29,0.48,9.8,bad,1,bad
10.0,0.35,0.47,2.0,0.061,6.0,11.0,0.99585,3.23,0.52,12.0,good,1,good
8.2,0.24,0.34,5.1,0.062,8.0,22.0,0.9974,3.22,0.94,10.9,good,1,good
10.1,0.45,0.23,1.9,0.082,10.0,18.0,0.99774,3.22,0.65,9.3,good,1,good
6.9,0.63,0.33,6.7,0.235,66.0,115.0,0.99787,3.22,0.56,9.5,bad,1,bad
7.8,0.64,0.0,1.9,0.072,27.0,55.0,0.9962,3.31,0.63,11.0,bad,1,bad
6.9,0.44,0.0,1.4,0.07,32.0,38.0,0.99438,3.32,0.58,11.4,good,1,good
7.0,0.975,0.04,2.0,0.087,12.0,67.0,0.99565,3.35,0.6,9.4,bad,1,bad
8.3,0.66,0.15,1.9,0.079,17.0,42.0,0.9972,3.31,0.54,9.6,good,1,good
7.6,0.715,0.0,2.1,0.068,30.0,35.0,0.99533,3.48,0.65,11.4,good,1,good
7.6,0.68,0.02,1.3,0.072,9.0,20.0,0.9965,3.17,1.08,9.2,bad,1,bad
6.3,0.51,0.13,2.3,0.076,29.0,40.0,0.99574,3.42,0.75,11.0,good,1,good
10.0,0.48,0.24,2.7,0.102,13.0,32.0,1.0,3.28,0.56,10.0,good,1,good
8.8,0.31,0.4,2.8,0.109,7.0,16.0,0.99614,3.31,0.79,11.8,good,1,good
6.8,0.77,0.0,1.8,0.066,34.0,52.0,0.9976,3.62,0.68,9.9,bad,1,bad
8.2,0.73,0.21,1.7,0.074,5.0,13.0,0.9968,3.2,0.52,9.5,bad,1,bad
8.5,0.4,0.4,6.3,0.05,3.0,10.0,0.99566,3.28,0.56,12.0,bad,1,bad
6.5,0.615,0.0,1.9,0.065,9.0,18.0,0.9972,3.46,0.65,9.2,bad,1,bad
9.9,0.54,0.26,2.0,0.111,7.0,60.0,0.99709,2.94,0.98,10.2,bad,1,bad
8.0,0.67,0.3,2.0,0.06,38.0,62.0,0.9958,3.26,0.56,10.2,good,1,good
8.7,0.69,0.31,3.0,0.086,23.0,81.0,1.0002,3.48,0.74,11.6,good,1,good
6.9,0.765,0.18,2.4,0.243,5.5,48.0,0.99612,3.4,0.6,10.3,good,1,good
6.8,0.56,0.22,1.8,0.074,15.0,24.0,0.99438,3.4,0.82,11.2,good,1,good
10.2,0.36,0.64,2.9,0.122,10.0,41.0,0.998,3.23,0.66,12.5,good,1,good
9.5,0.46,0.49,6.3,0.064,5.0,17.0,0.9988,3.21,0.73,11.0,good,1,good
7.7,0.28,0.3,2.0,0.062,18.0,34.0,0.9952,3.28,0.9,11.3,good,1,good
8.3,0.65,0.1,2.9,0.089,17.0,40.0,0.99803,3.29,0.55,9.5,bad,1,bad
6.8,0.65,0.02,2.1,0.078,8.0,15.0,0.99498,3.35,0.62,10.4,good,1,good
11.5,0.59,0.59,2.6,0.087,13.0,49.0,0.9988,3.18,0.65,11.0,good,1,good
7.5,0.42,0.31,1.6,0.08,15.0,42.0,0.9978,3.31,0.64,9.0,bad,1,bad
9.7,0.295,0.4,1.5,0.073,14.0,21.0,0.99556,3.14,0.51,10.9,good,1,good
8.9,0.31,0.36,2.6,0.056,10.0,39.0,0.99562,3.4,0.69,11.8,bad,1,bad
6.2,0.58,0.0,1.6,0.065,8.0,18.0,0.9966,3.56,0.84,9.4,bad,1,bad
8.8,0.45,0.43,1.4,0.076,12.0,21.0,0.99551,3.21,0.75,10.2,good,1,good
7.9,0.43,0.21,1.6,0.106,10.0,37.0,0.9966,3.17,0.91,9.5,bad,1,bad
7.1,0.43,0.42,5.5,0.07,29.0,129.0,0.9973,3.42,0.72,10.5,bad,1,bad
10.1,0.65,0.37,5.1,0.11,11.0,65.0,1.0026,3.32,0.64,10.4,good,1,good
7.5,0.61,0.26,1.9,0.073,24.0,88.0,0.99612,3.3,0.53,9.8,bad,1,bad
6.5,0.46,0.14,2.4,0.114,9.0,37.0,0.99732,3.66,0.65,9.8,bad,1,bad
12.2,0.45,0.49,1.4,0.075,3.0,6.0,0.9969,3.13,0.63,10.4,bad,1,bad
7.7,0.58,0.01,1.8,0.088,12.0,18.0,0.99568,3.32,0.56,10.5,good,1,good
8.0,0.33,0.53,2.5,0.091,18.0,80.0,0.9976,3.37,0.8,9.6,good,1,good
10.9,0.53,0.49,4.6,0.118,10.0,17.0,1.0002,3.07,0.56,11.7,good,1,good
8.0,0.58,0.28,3.2,0.066,21.0,114.0,0.9973,3.22,0.54,9.4,good,1,good
7.0,0.45,0.34,2.7,0.082,16.0,72.0,0.998,3.55,0.6,9.5,bad,1,bad
6.7,0.46,0.24,1.7,0.077,18.0,34.0,0.9948,3.39,0.6,10.6,good,1,good
7.0,0.55,0.13,2.2,0.075,15.0,35.0,0.9959,3.36,0.59,9.7,good,1,good
7.3,0.59,0.26,2.0,0.08,17.0,104.0,0.99584,3.28,0.52,9.9,bad,1,bad
13.2,0.46,0.52,2.2,0.071,12.0,35.0,1.0006,3.1,0.56,9.0,good,1,good
6.9,0.5,0.04,1.5,0.085,19.0,49.0,0.9958,3.35,0.78,9.5,bad,1,bad
4.7,0.6,0.17,2.3,0.058,17.0,106.0,0.9932,3.85,0.6,12.9,good,1,good
7.5,0.31,0.41,2.4,0.065,34.0,60.0,0.99492,3.34,0.85,11.4,good,1,good
7.6,0.9,0.06,2.5,0.079,5.0,10.0,0.9967,3.39,0.56,9.8,bad,1,bad
8.4,0.37,0.43,2.3,0.063,12.0,19.0,0.9955,3.17,0.81,11.2,good,1,good
8.3,0.65,0.1,2.9,0.089,17.0,40.0,0.99803,3.29,0.55,9.5,bad,1,bad
6.8,0.5,0.11,1.5,0.075,16.0,49.0,0.99545,3.36,0.79,9.5,bad,1,bad
7.9,0.65,0.01,2.5,0.078,17.0,38.0,0.9963,3.34,0.74,11.7,good,1,good
7.5,0.52,0.11,1.5,0.079,11.0,39.0,0.9968,3.42,0.58,9.6,bad,1,bad
10.0,0.38,0.38,1.6,0.169,27.0,90.0,0.99914,3.15,0.65,8.5,bad,1,bad
8.2,0.59,0.0,2.5,0.093,19.0,58.0,1.0002,3.5,0.65,9.3,good,1,good
10.2,0.29,0.65,2.4,0.075,6.0,17.0,0.99565,3.22,0.63,11.8,good,1,good
9.3,0.38,0.48,3.8,0.132,3.0,11.0,0.99577,3.23,0.57,13.2,good,1,good
7.8,0.34,0.37,2.0,0.082,24.0,58.0,0.9964,3.34,0.59,9.4,good,1,good
10.5,0.28,0.51,1.7,0.08,10.0,24.0,0.9982,3.2,0.89,9.4,good,1,good
6.8,0.56,0.22,1.8,0.074,15.0,24.0,0.99438,3.4,0.82,11.2,good,1,good
7.8,0.53,0.01,1.6,0.077,3.0,19.0,0.995,3.16,0.46,9.8,bad,1,bad
6.7,0.62,0.21,1.9,0.079,8.0,62.0,0.997,3.52,0.58,9.3,good,1,good
8.1,0.78,0.1,3.3,0.09,4.0,13.0,0.99855,3.36,0.49,9.5,bad,1,bad
7.4,0.61,0.01,2.0,0.074,13.0,38.0,0.99748,3.48,0.65,9.8,bad,1,bad
9.4,0.3,0.56,2.8,0.08,6.0,17.0,0.9964,3.15,0.92,11.7,good,1,good
6.8,0.57,0.0,2.5,0.072,32.0,64.0,0.99491,3.43,0.56,11.2,good,1,good
9.9,0.32,0.56,2.0,0.073,3.0,8.0,0.99534,3.15,0.73,11.4,good,1,good
6.8,0.63,0.07,2.1,0.089,11.0,44.0,0.9953,3.47,0.55,10.4,good,1,good
8.5,0.32,0.42,2.3,0.075,12.0,19.0,0.99434,3.14,0.71,11.8,good,1,good
7.4,0.47,0.46,2.2,0.114,7.0,20.0,0.99647,3.32,0.63,10.5,bad,1,bad
7.1,0.75,0.01,2.2,0.059,11.0,18.0,0.99242,3.39,0.4,12.8,good,1,good
11.9,0.38,0.51,2.0,0.121,7.0,20.0,0.9996,3.24,0.76,10.4,good,1,good
8.3,0.6,0.25,2.2,0.118,9.0,38.0,0.99616,3.15,0.53,9.8,bad,1,bad
8.5,0.21,0.52,1.9,0.09,9.0,23.0,0.99648,3.36,0.67,10.4,bad,1,bad
8.0,0.3,0.63,1.6,0.081,16.0,29.0,0.99588,3.3,0.78,10.8,good,1,good
8.3,0.655,0.12,2.3,0.083,15.0,113.0,0.9966,3.17,0.66,9.8,bad,1,bad
6.0,0.51,0.0,2.1,0.064,40.0,54.0,0.995,3.54,0.93,10.7,good,1,good
8.8,0.27,0.46,2.1,0.095,20.0,29.0,0.99488,3.26,0.56,11.3,good,1,good
9.6,0.38,0.31,2.5,0.096,16.0,49.0,0.9982,3.19,0.7,10.0,good,1,good
8.0,0.715,0.22,2.3,0.075,13.0,81.0,0.99688,3.24,0.54,9.5,good,1,good
9.8,0.34,0.39,1.4,0.066,3.0,7.0,0.9947,3.19,0.55,11.4,good,1,good
7.6,0.55,0.21,2.2,0.071,7.0,28.0,0.9964,3.28,0.55,9.7,bad,1,bad
9.8,0.44,0.47,2.5,0.063,9.0,28.0,0.9981,3.24,0.65,10.8,good,1,good
9.1,0.76,0.68,1.7,0.414,18.0,64.0,0.99652,2.9,1.33,9.1,good,1,good
7.6,0.48,0.31,2.8,0.07,4.0,15.0,0.99693,3.22,0.55,10.3,good,1,good
7.1,0.43,0.17,1.8,0.082,27.0,51.0,0.99634,3.49,0.64,10.4,bad,1,bad
6.8,0.775,0.0,3.0,0.102,8.0,23.0,0.9965,3.45,0.56,10.7,bad,1,bad
9.0,0.62,0.04,1.9,0.146,27.0,90.0,0.9984,3.16,0.7,9.4,bad,1,bad
9.1,0.28,0.46,9.0,0.114,3.0,9.0,0.99901,3.18,0.6,10.9,good,1,good
6.9,0.54,0.04,3.0,0.077,7.0,27.0,0.9987,3.69,0.91,9.4,good,1,good
6.8,0.48,0.08,1.8,0.074,40.0,64.0,0.99529,3.12,0.49,9.6,bad,1,bad
5.9,0.55,0.1,2.2,0.062,39.0,51.0,0.99512,3.52,0.76,11.2,good,1,good
10.3,0.53,0.48,2.5,0.063,6.0,25.0,0.9998,3.12,0.59,9.3,good,1,good
6.5,0.52,0.11,1.8,0.073,13.0,38.0,0.9955,3.34,0.52,9.3,bad,1,bad
7.3,0.34,0.33,2.5,0.064,21.0,37.0,0.9952,3.35,0.77,12.1,good,1,good
7.2,0.56,0.26,2.0,0.083,13.0,100.0,0.99586,3.26,0.52,9.9,bad,1,bad
9.9,0.5,0.5,13.8,0.205,48.0,82.0,1.00242,3.16,0.75,8.8,bad,1,bad
7.9,0.545,0.06,4.0,0.087,27.0,61.0,0.9965,3.36,0.67,10.7,good,1,good
7.8,0.64,0.1,6.0,0.115,5.0,11.0,0.9984,3.37,0.69,10.1,good,1,good
15.0,0.21,0.44,2.2,0.075,10.0,24.0,1.00005,3.07,0.84,9.2,good,1,good
7.4,0.7,0.0,1.9,0.076,11.0,34.0,0.9978,3.51,0.56,9.4,bad,1,bad
6.4,0.38,0.14,2.2,0.038,15.0,25.0,0.99514,3.44,0.65,11.1,good,1,good
8.2,0.56,0.23,3.4,0.078,14.0,104.0,0.9976,3.28,0.62,9.4,bad,1,bad
6.2,0.36,0.24,2.2,0.095,19.0,42.0,0.9946,3.57,0.57,11.7,good,1,good
6.2,0.45,0.2,1.6,0.069,3.0,15.0,0.9958,3.41,0.56,9.2,bad,1,bad
10.4,0.44,0.42,1.5,0.145,34.0,48.0,0.99832,3.38,0.86,9.9,bad,1,bad
8.7,0.82,0.02,1.2,0.07,36.0,48.0,0.9952,3.2,0.58,9.8,bad,1,bad
10.4,0.28,0.54,2.7,0.105,5.0,19.0,0.9988,3.25,0.63,9.5,bad,1,bad
7.3,0.74,0.08,1.7,0.094,10.0,45.0,0.99576,3.24,0.5,9.8,bad,1,bad
5.6,0.5,0.09,2.3,0.049,17.0,99.0,0.9937,3.63,0.63,13.0,bad,1,bad
6.5,0.34,0.27,2.8,0.067,8.0,44.0,0.99384,3.21,0.56,12.0,good,1,good
10.0,0.59,0.31,2.2,0.09,26.0,62.0,0.9994,3.18,0.63,10.2,good,1,good
7.8,0.59,0.33,2.0,0.074,24.0,120.0,0.9968,3.25,0.54,9.4,bad,1,bad
6.2,0.63,0.31,1.7,0.088,15.0,64.0,0.9969,3.46,0.79,9.3,bad,1,bad
11.1,0.31,0.49,2.7,0.094,16.0,47.0,0.9986,3.12,1.02,10.6,good,1,good
7.9,0.52,0.26,1.9,0.079,42.0,140.0,0.9964,3.23,0.54,9.5,bad,1,bad
7.4,0.52,0.13,2.4,0.078,34.0,61.0,0.99528,3.43,0.59,10.8,good,1,good
8.8,0.33,0.41,5.9,0.073,7.0,13.0,0.99658,3.3,0.62,12.1,good,1,good
5.2,0.32,0.25,1.8,0.103,13.0,50.0,0.9957,3.38,0.55,9.2,bad,1,bad
6.1,0.56,0.0,2.2,0.079,6.0,9.0,0.9948,3.59,0.54,11.5,good,1,good
8.4,1.035,0.15,6.0,0.073,11.0,54.0,0.999,3.37,0.49,9.9,bad,1,bad
7.3,0.48,0.32,2.1,0.062,31.0,54.0,0.99728,3.3,0.65,10.0,good,1,good
7.3,0.305,0.39,1.2,0.059,7.0,11.0,0.99331,3.29,0.52,11.5,good,1,good
10.3,0.32,0.45,6.4,0.073,5.0,13.0,0.9976,3.23,0.82,12.6,good,1,good
7.8,0.59,0.18,2.3,0.076,17.0,54.0,0.9975,3.43,0.59,10.0,bad,1,bad
7.1,0.6,0.0,1.8,0.074,16.0,34.0,0.9972,3.47,0.7,9.9,good,1,good
6.1,0.32,0.25,2.3,0.071,23.0,58.0,0.99633,3.42,0.97,10.6,bad,1,bad
8.9,0.22,0.48,1.8,0.077,29.0,60.0,0.9968,3.39,0.53,9.4,good,1,good
9.9,0.4,0.53,6.7,0.097,6.0,19.0,0.9986,3.27,0.82,11.7,good,1,good
8.8,0.61,0.14,2.4,0.067,10.0,42.0,0.9969,3.19,0.59,9.5,bad,1,bad
7.6,0.3,0.42,2.0,0.052,6.0,24.0,0.9963,3.44,0.82,11.9,good,1,good
8.2,0.32,0.42,2.3,0.098,3.0,9.0,0.99506,3.27,0.55,12.3,good,1,good
9.9,0.54,0.45,2.3,0.071,16.0,40.0,0.9991,3.39,0.62,9.4,bad,1,bad
9.9,0.72,0.55,1.7,0.136,24.0,52.0,0.99752,3.35,0.94,10.0,bad,1,bad
8.6,0.42,0.39,1.8,0.068,6.0,12.0,0.99516,3.35,0.69,11.7,good,1,good
8.9,0.4,0.32,5.6,0.087,10.0,47.0,0.9991,3.38,0.77,10.5,good,1,good
8.0,0.38,0.44,1.9,0.098,6.0,15.0,0.9956,3.3,0.64,11.4,good,1,good
5.7,1.13,0.09,1.5,0.172,7.0,19.0,0.994,3.5,0.48,9.8,bad,1,bad
6.5,0.4,0.1,2.0,0.076,30.0,47.0,0.99554,3.36,0.48,9.4,good,1,good
6.7,0.54,0.13,2.0,0.076,15.0,36.0,0.9973,3.61,0.64,9.8,bad,1,bad
15.5,0.645,0.49,4.2,0.095,10.0,23.0,1.00315,2.92,0.74,11.1,bad,1,bad
10.4,0.52,0.45,2.0,0.08,6.0,13.0,0.99774,3.22,0.76,11.4,good,1,good
5.1,0.42,0.0,1.8,0.044,18.0,88.0,0.99157,3.68,0.73,13.6,good,1,good
8.2,0.33,0.39,2.5,0.074,29.0,48.0,0.99528,3.32,0.88,12.4,good,1,good
11.6,0.47,0.44,1.6,0.147,36.0,51.0,0.99836,3.38,0.86,9.9,bad,1,bad
9.3,0.4,0.49,2.5,0.085,38.0,142.0,0.9978,3.22,0.55,9.4,bad,1,bad
7.1,0.43,0.42,5.5,0.07,29.0,129.0,0.9973,3.42,0.72,10.5,bad,1,bad
8.3,0.56,0.22,2.4,0.082,10.0,86.0,0.9983,3.37,0.62,9.5,bad,1,bad
7.8,0.39,0.42,2.0,0.086,9.0,21.0,0.99526,3.39,0.66,11.6,good,1,good
7.8,0.82,0.29,4.3,0.083,21.0,64.0,0.99642,3.16,0.53,9.4,bad,1,bad
7.2,0.63,0.0,1.9,0.097,14.0,38.0,0.99675,3.37,0.58,9.0,good,1,good
7.5,0.64,0.0,2.4,0.077,18.0,29.0,0.9965,3.32,0.6,10.0,good,1,good
8.8,0.24,0.35,1.7,0.055,13.0,27.0,0.99394,3.14,0.59,11.3,good,1,good
9.3,0.33,0.45,1.5,0.057,19.0,37.0,0.99498,3.18,0.89,11.1,good,1,good
8.6,0.53,0.22,2.0,0.1,7.0,27.0,0.9967,3.2,0.56,10.2,good,1,good
8.3,0.54,0.28,1.9,0.077,11.0,40.0,0.9978,3.39,0.61,10.0,good,1,good
7.2,0.73,0.02,2.5,0.076,16.0,42.0,0.9972,3.44,0.52,9.3,bad,1,bad
8.1,0.67,0.55,1.8,0.117,32.0,141.0,0.9968,3.17,0.62,9.4,bad,1,bad
7.8,0.53,0.04,1.7,0.076,17.0,31.0,0.9964,3.33,0.56,10.0,good,1,good
8.2,0.35,0.33,2.4,0.076,11.0,47.0,0.99599,3.27,0.81,11.0,good,1,good
10.4,0.26,0.48,1.9,0.066,6.0,10.0,0.99724,3.33,0.87,10.9,good,1,good
8.0,0.52,0.03,1.7,0.07,10.0,35.0,0.99575,3.34,0.57,10.0,bad,1,bad
7.5,0.51,0.02,1.7,0.084,13.0,31.0,0.99538,3.36,0.54,10.5,good,1,good
4.6,0.52,0.15,2.1,0.054,8.0,65.0,0.9934,3.9,0.56,13.1,bad,1,bad
5.6,0.31,0.78,13.9,0.074,23.0,92.0,0.99677,3.39,0.48,10.5,good,1,good
7.2,0.415,0.36,2.0,0.081,13.0,45.0,0.9972,3.48,0.64,9.2,bad,1,bad
7.2,0.38,0.3,1.8,0.073,31.0,70.0,0.99685,3.42,0.59,9.5,good,1,good
8.2,0.64,0.27,2.0,0.095,5.0,77.0,0.99747,3.13,0.62,9.1,good,1,good
7.3,0.55,0.01,1.8,0.093,9.0,15.0,0.99514,3.35,0.58,11.0,good,1,good
8.3,0.26,0.37,1.4,0.076,8.0,23.0,0.9974,3.26,0.7,9.6,good,1,good
10.5,0.24,0.47,2.1,0.066,6.0,24.0,0.9978,3.15,0.9,11.0,good,1,good
10.7,0.4,0.37,1.9,0.081,17.0,29.0,0.99674,3.12,0.65,11.2,good,1,good
7.2,0.34,0.21,2.5,0.075,41.0,68.0,0.99586,3.37,0.54,10.1,good,1,good
7.4,0.635,0.1,2.4,0.08,16.0,33.0,0.99736,3.58,0.69,10.8,good,1,good
8.7,0.54,0.26,2.5,0.097,7.0,31.0,0.9976,3.27,0.6,9.3,good,1,good
8.2,0.4,0.31,1.9,0.082,8.0,24.0,0.996,3.24,0.69,10.6,good,1,good
7.1,0.35,0.29,2.5,0.096,20.0,53.0,0.9962,3.42,0.65,11.0,good,1,good
8.1,0.87,0.0,2.2,0.084,10.0,31.0,0.99656,3.25,0.5,9.8,bad,1,bad
6.4,0.57,0.14,3.9,0.07,27.0,73.0,0.99669,3.32,0.48,9.2,bad,1,bad
6.8,0.41,0.31,8.8,0.084,26.0,45.0,0.99824,3.38,0.64,10.1,good,1,good
6.6,0.84,0.03,2.3,0.059,32.0,48.0,0.9952,3.52,0.56,12.3,good,1,good
10.0,0.42,0.5,3.4,0.107,7.0,21.0,0.9979,3.26,0.93,11.8,good,1,good
8.1,0.38,0.48,1.8,0.157,5.0,17.0,0.9976,3.3,1.05,9.4,bad,1,bad
6.8,0.69,0.0,5.6,0.124,21.0,58.0,0.9997,3.46,0.72,10.2,bad,1,bad
6.8,0.41,0.31,8.8,0.084,26.0,45.0,0.99824,3.38,0.64,10.1,good,1,good
7.6,0.39,0.31,2.3,0.082,23.0,71.0,0.9982,3.52,0.65,9.7,bad,1,bad
7.7,0.56,0.2,2.0,0.075,9.0,39.0,0.9987,3.48,0.62,9.3,bad,1,bad
10.7,0.4,0.48,2.1,0.125,15.0,49.0,0.998,3.03,0.81,9.7,good,1,good
6.6,0.96,0.0,1.8,0.082,5.0,16.0,0.9936,3.5,0.44,11.9,good,1,good
8.0,0.715,0.22,2.3,0.075,13.0,81.0,0.99688,3.24,0.54,9.5,good,1,good
7.6,0.665,0.1,1.5,0.066,27.0,55.0,0.99655,3.39,0.51,9.3,bad,1,bad
10.0,0.56,0.24,2.2,0.079,19.0,58.0,0.9991,3.18,0.56,10.1,good,1,good
7.1,0.68,0.07,1.9,0.075,16.0,51.0,0.99685,3.38,0.52,9.5,bad,1,bad
6.2,0.65,0.06,1.6,0.05,6.0,18.0,0.99348,3.57,0.54,11.95,bad,1,bad
7.0,0.805,0.0,2.5,0.068,7.0,20.0,0.9969,3.48,0.56,9.6,bad,1,bad
6.8,0.66,0.07,1.6,0.07,16.0,61.0,0.99572,3.29,0.6,9.3,bad,1,bad
10.0,0.32,0.59,2.2,0.077,3.0,15.0,0.9994,3.2,0.78,9.6,bad,1,bad
8.6,0.645,0.25,2.0,0.083,8.0,28.0,0.99815,3.28,0.6,10.0,good,1,good
7.1,0.39,0.12,2.1,0.065,14.0,24.0,0.99252,3.3,0.53,13.3,good,1,good
7.0,0.655,0.16,2.1,0.074,8.0,25.0,0.99606,3.37,0.55,9.7,bad,1,bad
10.3,0.27,0.24,2.1,0.072,15.0,33.0,0.9956,3.22,0.66,12.8,good,1,good
7.0,0.69,0.07,2.5,0.091,15.0,21.0,0.99572,3.38,0.6,11.3,good,1,good
8.5,0.34,0.4,4.7,0.055,3.0,9.0,0.99738,3.38,0.66,11.6,good,1,good
10.4,0.43,0.5,2.3,0.068,13.0,19.0,0.996,3.1,0.87,11.4,good,1,good
12.5,0.46,0.63,2.0,0.071,6.0,15.0,0.9988,2.99,0.87,10.2,bad,1,bad
8.8,0.3,0.38,2.3,0.06,19.0,72.0,0.99543,3.39,0.72,11.8,good,1,good
8.3,0.85,0.14,2.5,0.093,13.0,54.0,0.99724,3.36,0.54,10.1,bad,1,bad
5.2,0.49,0.26,2.3,0.09,23.0,74.0,0.9953,3.71,0.62,12.2,good,1,good
7.9,0.34,0.36,1.9,0.065,5.0,10.0,0.99419,3.27,0.54,11.2,good,1,good
8.9,0.5,0.21,2.2,0.088,21.0,39.0,0.99692,3.33,0.83,11.1,good,1,good
10.4,0.41,0.55,3.2,0.076,22.0,54.0,0.9996,3.15,0.89,9.9,good,1,good
9.1,0.21,0.37,1.6,0.067,6.0,10.0,0.99552,3.23,0.58,11.1,good,1,good
6.8,0.64,0.03,2.3,0.075,14.0,31.0,0.99545,3.36,0.58,10.4,good,1,good
8.0,0.58,0.16,2.0,0.12,3.0,7.0,0.99454,3.22,0.58,11.2,good,1,good
12.7,0.6,0.49,2.8,0.075,5.0,19.0,0.9994,3.14,0.57,11.4,bad,1,bad
6.2,0.56,0.09,1.7,0.053,24.0,32.0,0.99402,3.54,0.6,11.3,bad,1,bad
7.8,0.56,0.19,2.0,0.081,17.0,108.0,0.9962,3.32,0.54,9.5,bad,1,bad
7.9,0.69,0.21,2.1,0.08,33.0,141.0,0.9962,3.25,0.51,9.9,bad,1,bad
7.8,0.545,0.12,2.5,0.068,11.0,35.0,0.996,3.34,0.61,11.6,good,1,good
12.2,0.48,0.54,2.6,0.085,19.0,64.0,1.0,3.1,0.61,10.5,good,1,good
12.0,0.28,0.49,1.9,0.074,10.0,21.0,0.9976,2.98,0.66,9.9,good,1,good
9.5,0.735,0.1,2.1,0.079,6.0,31.0,0.9986,3.23,0.56,10.1,good,1,good
6.0,0.5,0.04,2.2,0.092,13.0,26.0,0.99647,3.46,0.47,10.0,bad,1,bad
7.1,0.46,0.14,2.8,0.076,15.0,37.0,0.99624,3.36,0.49,10.7,bad,1,bad
9.6,0.42,0.35,2.1,0.083,17.0,38.0,0.99622,3.23,0.66,11.1,good,1,good
7.9,0.29,0.49,2.2,0.096,21.0,59.0,0.99714,3.31,0.67,10.1,good,1,good
7.5,0.61,0.26,1.9,0.073,24.0,88.0,0.99612,3.3,0.53,9.8,bad,1,bad
12.6,0.38,0.66,2.6,0.088,10.0,41.0,1.001,3.17,0.68,9.8,good,1,good
11.6,0.42,0.53,3.3,0.105,33.0,98.0,1.001,3.2,0.95,9.2,bad,1,bad
7.1,0.27,0.6,2.1,0.074,17.0,25.0,0.99814,3.38,0.72,10.6,good,1,good
12.3,0.5,0.49,2.2,0.089,5.0,14.0,1.0002,3.19,0.44,9.6,bad,1,bad
6.9,0.58,0.2,1.75,0.058,8.0,22.0,0.99322,3.38,0.49,11.7,bad,1,bad
6.5,0.88,0.03,5.6,0.079,23.0,47.0,0.99572,3.58,0.5,11.2,bad,1,bad
8.0,0.71,0.0,2.6,0.08,11.0,34.0,0.9976,3.44,0.53,9.5,bad,1,bad
7.3,0.58,0.3,2.4,0.074,15.0,55.0,0.9968,3.46,0.59,10.2,bad,1,bad
6.6,0.64,0.31,6.1,0.083,7.0,49.0,0.99718,3.35,0.68,10.3,bad,1,bad
8.3,0.26,0.42,2.0,0.08,11.0,27.0,0.9974,3.21,0.8,9.4,good,1,good
9.1,0.765,0.04,1.6,0.078,4.0,14.0,0.998,3.29,0.54,9.7,bad,1,bad
7.5,0.61,0.2,1.7,0.076,36.0,60.0,0.99494,3.1,0.4,9.3,bad,1,bad
6.8,0.67,0.02,1.8,0.05,5.0,11.0,0.9962,3.48,0.52,9.5,bad,1,bad
7.8,0.41,0.68,1.7,0.467,18.0,69.0,0.9973,3.08,1.31,9.3,bad,1,bad
9.1,0.22,0.24,2.1,0.078,1.0,28.0,0.999,3.41,0.87,10.3,good,1,good
8.7,0.625,0.16,2.0,0.101,13.0,49.0,0.9962,3.14,0.57,11.0,bad,1,bad
7.6,0.685,0.23,2.3,0.111,20.0,84.0,0.9964,3.21,0.61,9.3,bad,1,bad
12.9,0.35,0.49,5.8,0.066,5.0,35.0,1.0014,3.2,0.66,12.0,good,1,good
7.8,0.5,0.3,1.9,0.075,8.0,22.0,0.9959,3.31,0.56,10.4,good,1,good
9.6,0.56,0.31,2.8,0.089,15.0,46.0,0.9979,3.11,0.92,10.0,good,1,good
13.3,0.34,0.52,3.2,0.094,17.0,53.0,1.0014,3.05,0.81,9.5,good,1,good
10.7,0.46,0.39,2.0,0.061,7.0,15.0,0.9981,3.18,0.62,9.5,bad,1,bad
8.2,0.5,0.35,2.9,0.077,21.0,127.0,0.9976,3.23,0.62,9.4,bad,1,bad
9.9,0.54,0.45,2.3,0.071,16.0,40.0,0.9991,3.39,0.62,9.4,bad,1,bad
10.7,0.43,0.39,2.2,0.106,8.0,32.0,0.9986,2.89,0.5,9.6,bad,1,bad
6.3,1.02,0.0,2.0,0.083,17.0,24.0,0.99437,3.59,0.55,11.2,bad,1,bad
12.0,0.45,0.55,2.0,0.073,25.0,49.0,0.9997,3.1,0.76,10.3,good,1,good
7.8,0.5,0.12,1.8,0.178,6.0,21.0,0.996,3.28,0.87,9.8,good,1,good
8.0,0.81,0.25,3.4,0.076,34.0,85.0,0.99668,3.19,0.42,9.2,bad,1,bad
5.6,0.54,0.04,1.7,0.049,5.0,13.0,0.9942,3.72,0.58,11.4,bad,1,bad
8.6,0.37,0.65,6.4,0.08,3.0,8.0,0.99817,3.27,0.58,11.0,bad,1,bad
7.4,0.66,0.0,1.8,0.075,13.0,40.0,0.9978,3.51,0.56,9.4,bad,1,bad
7.2,0.34,0.32,2.5,0.09,43.0,113.0,0.9966,3.32,0.79,11.1,bad,1,bad
7.2,0.67,0.0,2.2,0.068,10.0,24.0,0.9956,3.42,0.72,11.1,good,1,good
6.9,0.63,0.02,1.9,0.078,18.0,30.0,0.99712,3.4,0.75,9.8,bad,1,bad
6.7,0.48,0.08,2.1,0.064,18.0,34.0,0.99552,3.33,0.64,9.7,bad,1,bad
10.3,0.44,0.5,4.5,0.107,5.0,13.0,0.998,3.28,0.83,11.5,bad,1,bad
6.1,0.58,0.23,2.5,0.044,16.0,70.0,0.99352,3.46,0.65,12.5,good,1,good
6.8,0.36,0.32,1.8,0.067,4.0,8.0,0.9928,3.36,0.55,12.8,good,1,good
13.4,0.27,0.62,2.6,0.082,6.0,21.0,1.0002,3.16,0.67,9.7,good,1,good
9.1,0.5,0.3,1.9,0.065,8.0,17.0,0.99774,3.32,0.71,10.5,good,1,good
7.7,0.58,0.1,1.8,0.102,28.0,109.0,0.99565,3.08,0.49,9.8,good,1,good
7.0,0.43,0.02,1.9,0.08,15.0,28.0,0.99492,3.35,0.81,10.6,good,1,good
7.1,0.59,0.0,2.2,0.078,26.0,44.0,0.99522,3.42,0.68,10.8,good,1,good
7.3,0.67,0.26,1.8,0.401,16.0,51.0,0.9969,3.16,1.14,9.4,bad,1,bad
7.1,0.31,0.3,2.2,0.053,36.0,127.0,0.9965,2.94,1.62,9.5,bad,1,bad
8.3,0.26,0.37,1.4,0.076,8.0,23.0,0.9974,3.26,0.7,9.6,good,1,good
7.4,0.62,0.05,1.9,0.068,24.0,42.0,0.9961,3.42,0.57,11.5,good,1,good
7.0,0.43,0.36,1.6,0.089,14.0,37.0,0.99615,3.34,0.56,9.2,good,1,good
7.6,0.95,0.03,2.0,0.09,7.0,20.0,0.9959,3.2,0.56,9.6,bad,1,bad
8.0,0.48,0.34,2.2,0.073,16.0,25.0,0.9936,3.28,0.66,12.4,good,1,good
6.4,0.37,0.25,1.9,0.074,21.0,49.0,0.9974,3.57,0.62,9.8,good,1,good
7.0,0.51,0.09,2.1,0.062,4.0,9.0,0.99584,3.35,0.54,10.5,bad,1,bad
11.7,0.49,0.49,2.2,0.083,5.0,15.0,1.0,3.19,0.43,9.2,bad,1,bad
5.5,0.49,0.03,1.8,0.044,28.0,87.0,0.9908,3.5,0.82,14.0,good,1,good
6.6,0.84,0.03,2.3,0.059,32.0,48.0,0.9952,3.52,0.56,12.3,good,1,good
11.4,0.6,0.49,2.7,0.085,10.0,41.0,0.9994,3.15,0.63,10.5,good,1,good
6.4,0.4,0.23,1.6,0.066,5.0,12.0,0.9958,3.34,0.56,9.2,bad,1,bad
7.5,0.49,0.19,1.9,0.076,10.0,44.0,0.9957,3.39,0.54,9.7,bad,1,bad
10.9,0.32,0.52,1.8,0.132,17.0,44.0,0.99734,3.28,0.77,11.5,good,1,good
8.2,0.26,0.34,2.5,0.073,16.0,47.0,0.99594,3.4,0.78,11.3,good,1,good
7.4,0.41,0.24,1.8,0.066,18.0,47.0,0.9956,3.37,0.62,10.4,bad,1,bad
8.4,0.65,0.6,2.1,0.112,12.0,90.0,0.9973,3.2,0.52,9.2,bad,1,bad
9.4,0.685,0.11,2.7,0.077,6.0,31.0,0.9984,3.19,0.7,10.1,good,1,good
15.5,0.645,0.49,4.2,0.095,10.0,23.0,1.00315,2.92,0.74,11.1,bad,1,bad
6.6,0.61,0.01,1.9,0.08,8.0,25.0,0.99746,3.69,0.73,10.5,bad,1,bad
9.9,0.54,0.45,2.3,0.071,16.0,40.0,0.9991,3.39,0.62,9.4,bad,1,bad
6.1,0.34,0.25,1.8,0.084,4.0,28.0,0.99464,3.36,0.44,10.1,bad,1,bad
11.6,0.32,0.55,2.8,0.081,35.0,67.0,1.0002,3.32,0.92,10.8,good,1,good
10.7,0.52,0.38,2.6,0.066,29.0,56.0,0.99577,3.15,0.79,12.1,good,1,good
9.1,0.52,0.33,1.3,0.07,9.0,30.0,0.9978,3.24,0.6,9.3,bad,1,bad
8.3,0.42,0.38,2.5,0.094,24.0,60.0,0.9979,3.31,0.7,10.8,good,1,good
9.8,1.24,0.34,2.0,0.079,32.0,151.0,0.998,3.15,0.53,9.5,bad,1,bad
9.3,0.39,0.44,2.1,0.107,34.0,125.0,0.9978,3.14,1.22,9.5,bad,1,bad
5.3,0.47,0.11,2.2,0.048,16.0,89.0,0.99182,3.54,0.88,13.56666667,good,1,good
7.1,0.67,0.0,2.3,0.083,18.0,27.0,0.99768,3.44,0.54,9.4,bad,1,bad
8.3,0.31,0.39,2.4,0.078,17.0,43.0,0.99444,3.31,0.77,12.5,good,1,good
7.1,0.46,0.2,1.9,0.077,28.0,54.0,0.9956,3.37,0.64,10.4,good,1,good
7.8,0.6,0.26,2.0,0.08,31.0,131.0,0.99622,3.21,0.52,9.9,bad,1,bad
9.1,0.68,0.11,2.8,0.093,11.0,44.0,0.99888,3.31,0.55,9.5,good,1,good
8.7,0.69,0.31,3.0,0.086,23.0,81.0,1.0002,3.48,0.74,11.6,good,1,good
9.9,0.44,0.46,2.2,0.091,10.0,41.0,0.99638,3.18,0.69,11.9,good,1,good
8.2,0.34,0.38,2.5,0.08,12.0,57.0,0.9978,3.3,0.47,9.0,good,1,good
9.3,0.36,0.39,1.5,0.08,41.0,55.0,0.99652,3.47,0.73,10.9,good,1,good
10.4,0.24,0.49,1.8,0.075,6.0,20.0,0.9977,3.18,1.06,11.0,good,1,good
6.0,0.5,0.0,1.4,0.057,15.0,26.0,0.99448,3.36,0.45,9.5,bad,1,bad
10.0,0.56,0.24,2.2,0.079,19.0,58.0,0.9991,3.18,0.56,10.1,good,1,good
7.6,0.735,0.02,2.5,0.071,10.0,14.0,0.99538,3.51,0.71,11.7,good,1,good
7.5,0.58,0.2,2.0,0.073,34.0,44.0,0.99494,3.1,0.43,9.3,bad,1,bad
6.7,0.46,0.24,1.7,0.077,18.0,34.0,0.9948,3.39,0.6,10.6,good,1,good
10.3,0.27,0.56,1.4,0.047,3.0,8.0,0.99471,3.16,0.51,11.8,good,1,good
6.3,0.98,0.01,2.0,0.057,15.0,33.0,0.99488,3.6,0.46,11.2,good,1,good
10.7,0.43,0.39,2.2,0.106,8.0,32.0,0.9986,2.89,0.5,9.6,bad,1,bad
8.1,0.72,0.09,2.8,0.084,18.0,49.0,0.9994,3.43,0.72,11.1,good,1,good
9.0,0.36,0.52,2.1,0.111,5.0,10.0,0.99568,3.31,0.62,11.3,good,1,good
11.5,0.45,0.5,3.0,0.078,19.0,47.0,1.0003,3.26,1.11,11.0,good,1,good
6.9,0.57,0.0,2.8,0.081,21.0,41.0,0.99518,3.41,0.52,10.8,bad,1,bad
7.8,0.56,0.12,2.0,0.082,7.0,28.0,0.997,3.37,0.5,9.4,good,1,good
9.0,0.48,0.32,2.8,0.084,21.0,122.0,0.9984,3.32,0.62,9.4,bad,1,bad
7.9,0.51,0.25,2.9,0.077,21.0,45.0,0.9974,3.49,0.96,12.1,good,1,good
6.8,0.785,0.0,2.4,0.104,14.0,30.0,0.9966,3.52,0.55,10.7,good,1,good
9.7,0.69,0.32,2.5,0.088,22.0,91.0,0.9979,3.29,0.62,10.1,bad,1,bad
8.2,0.23,0.42,1.9,0.069,9.0,17.0,0.99376,3.21,0.54,12.3,good,1,good
6.7,0.34,0.4,2.1,0.033,34.0,111.0,0.98924,2.97,0.48,12.2,good,0,good
9.2,0.35,0.39,0.9,0.042,15.0,61.0,0.9924,2.96,0.28,10.4,bad,0,bad
8.0,0.33,0.35,10.0,0.035,22.0,108.0,0.99457,3.12,0.36,11.6,good,0,good
7.0,0.11,0.32,4.6,0.057,59.0,144.0,0.9956,3.55,0.44,9.4,good,0,good
6.4,0.34,0.2,14.9,0.06,37.0,162.0,0.9983,3.13,0.45,9.0,bad,0,bad
6.2,0.21,0.26,13.1,0.05,59.0,150.0,0.99772,3.31,0.46,9.0,bad,0,bad
5.2,0.38,0.26,7.7,0.053,20.0,103.0,0.9925,3.27,0.45,12.2,good,0,good
6.4,0.24,0.49,5.8,0.053,25.0,120.0,0.9942,3.01,0.98,10.5,good,0,good
6.0,0.24,0.27,1.9,0.048,40.0,170.0,0.9938,3.64,0.54,10.0,good,0,good
6.4,0.18,0.74,11.9,0.046,54.0,168.0,0.9978,3.58,0.68,10.1,bad,0,bad
6.4,0.31,0.53,8.8,0.057,36.0,221.0,0.99642,3.17,0.44,9.1,bad,0,bad
6.4,0.32,0.31,1.9,0.037,34.0,126.0,0.99,3.06,0.45,11.8,good,0,good
5.9,0.19,0.26,7.4,0.034,33.0,123.0,0.995,3.49,0.42,10.1,good,0,good
6.4,0.35,0.51,7.8,0.055,53.0,177.0,0.99502,3.12,0.45,9.6,bad,0,bad
6.5,0.26,0.74,13.3,0.044,68.0,224.0,0.9972,3.18,0.54,9.5,good,0,good
8.8,0.39,0.34,5.9,0.055,33.0,128.0,0.9927,2.95,0.51,11.8,good,0,good
6.6,0.31,0.49,7.7,0.05,52.0,220.0,0.9964,3.12,0.45,8.8,bad,0,bad
6.2,0.24,0.28,12.2,0.049,54.0,133.0,0.9952,3.19,0.37,10.7,good,0,good
6.6,0.2,0.14,4.4,0.184,35.0,168.0,0.99396,2.93,0.45,9.4,good,0,good
6.7,0.17,0.5,2.1,0.043,27.0,122.0,0.9923,3.15,0.45,10.3,good,0,good
7.1,0.39,0.3,9.9,0.037,29.0,124.0,0.99414,3.07,0.42,10.9,good,0,good
7.1,0.16,0.25,1.3,0.034,28.0,123.0,0.9915,3.27,0.55,11.4,good,0,good
6.2,0.33,0.19,5.6,0.042,22.0,143.0,0.99425,3.15,0.63,9.9,bad,0,bad
5.0,0.31,0.0,6.4,0.046,43.0,166.0,0.994,3.3,0.63,9.9,good,0,good
7.2,0.18,0.41,1.2,0.048,41.0,97.0,0.9919,3.14,0.45,10.4,bad,0,bad
7.0,0.14,0.41,0.9,0.037,22.0,95.0,0.9914,3.25,0.43,10.9,good,0,good
7.6,0.27,0.33,2.0,0.059,19.0,175.0,0.9944,3.22,0.56,9.9,bad,0,bad
7.1,0.12,0.3,3.1,0.018,15.0,37.0,0.99004,3.02,0.52,11.9,good,0,good
6.3,0.29,0.4,6.5,0.039,43.0,167.0,0.9953,3.15,0.44,9.3,good,0,good
5.7,0.37,0.3,1.1,0.029,24.0,88.0,0.98883,3.18,0.39,11.7,good,0,good
7.0,0.55,0.05,8.0,0.036,19.0,164.0,0.99269,3.26,0.46,12.2,good,0,good
6.7,0.26,0.39,6.4,0.171,64.0,200.0,0.99562,3.19,0.38,9.4,good,0,good
6.3,0.39,0.22,2.8,0.048,53.0,173.0,0.99304,3.24,0.45,9.8,bad,0,bad
7.3,0.25,0.26,7.2,0.048,52.0,207.0,0.99587,3.12,0.37,9.2,bad,0,bad
5.7,0.255,0.65,1.2,0.079,17.0,137.0,0.99307,3.2,0.42,9.4,bad,0,bad
6.8,0.25,0.38,8.1,0.046,24.0,155.0,0.9956,3.33,0.59,10.2,good,0,good
6.6,0.23,0.18,8.5,0.044,59.0,188.0,0.99558,3.16,0.49,9.5,bad,0,bad
10.2,0.44,0.88,6.2,0.049,20.0,124.0,0.9968,2.99,0.51,9.9,bad,0,bad
6.9,0.23,0.24,14.2,0.053,19.0,94.0,0.9982,3.17,0.5,9.6,bad,0,bad
6.6,0.28,0.42,8.2,0.044,60.0,196.0,0.99562,3.14,0.48,9.4,bad,0,bad
8.2,0.68,0.3,2.1,0.047,17.0,138.0,0.995,3.22,0.71,10.8,bad,0,bad
6.9,0.33,0.28,1.3,0.051,37.0,187.0,0.9927,3.27,0.6,10.3,bad,0,bad
6.9,0.38,0.28,8.3,0.062,22.0,166.0,0.99506,3.16,0.72,10.6,bad,0,bad
9.3,0.31,0.49,1.3,0.042,34.0,147.0,0.9948,3.11,0.46,9.8,bad,0,bad
6.9,0.33,0.31,4.2,0.04,21.0,93.0,0.9896,3.18,0.48,13.4,good,0,good
7.7,0.3,0.34,1.2,0.048,4.0,119.0,0.99084,3.18,0.34,12.1,good,0,good
5.6,0.19,0.26,1.4,0.03,12.0,76.0,0.9905,3.25,0.37,10.9,good,0,good
6.9,0.4,0.37,8.9,0.053,36.0,148.0,0.996,3.16,0.5,9.3,bad,0,bad
6.4,0.15,0.36,1.8,0.034,43.0,150.0,0.9922,3.42,0.69,11.0,good,0,good
7.8,0.34,0.35,1.8,0.042,8.0,167.0,0.9908,3.11,0.41,12.1,good,0,good
5.7,0.32,0.5,2.6,0.049,17.0,155.0,0.9927,3.22,0.64,10.0,good,0,good
7.4,0.36,0.23,1.9,0.017,31.0,69.0,0.9892,2.93,0.36,12.5,good,0,good
6.6,0.35,0.26,2.7,0.045,19.0,129.0,0.98952,3.24,0.48,13.0,good,0,good
7.2,0.24,0.27,11.4,0.034,40.0,174.0,0.99773,3.2,0.44,9.0,bad,0,bad
7.0,0.15,0.28,14.7,0.051,29.0,149.0,0.99792,2.96,0.39,9.0,good,0,good
7.3,0.33,0.4,6.85,0.038,32.0,138.0,0.992,3.03,0.3,11.9,good,0,good
6.2,0.28,0.28,4.3,0.026,22.0,105.0,0.989,2.98,0.64,13.1,good,0,good
6.5,0.19,0.26,5.2,0.04,31.0,140.0,0.995,3.26,0.68,9.5,good,0,good
7.7,0.3,0.42,14.3,0.045,45.0,213.0,0.9991,3.18,0.63,9.2,bad,0,bad
7.0,0.33,0.78,9.9,0.042,21.0,251.0,0.99435,3.01,0.55,11.0,good,0,good
5.6,0.28,0.4,6.1,0.034,36.0,118.0,0.99144,3.21,0.43,12.1,good,0,good
7.7,0.24,0.29,15.3,0.044,39.0,194.0,0.9982,3.06,0.47,9.6,good,0,good
6.1,0.28,0.25,17.75,0.044,48.0,161.0,0.9993,3.34,0.48,9.5,bad,0,bad
7.1,0.31,0.17,1.0,0.042,21.0,144.0,0.99304,3.13,0.4,9.6,bad,0,bad
6.5,0.36,0.49,2.9,0.03,16.0,94.0,0.9902,3.1,0.49,12.1,good,0,good
6.1,0.36,0.58,15.0,0.044,42.0,115.0,0.9978,3.15,0.51,9.0,bad,0,bad
7.1,0.18,0.49,1.3,0.033,12.0,72.0,0.99072,3.05,0.53,11.3,good,0,good
6.1,0.3,0.32,2.2,0.042,41.0,142.0,0.98952,3.31,0.44,12.7,good,0,good
6.8,0.43,0.3,3.5,0.033,27.0,135.0,0.9906,3.0,0.37,12.0,good,0,good
5.3,0.4,0.25,3.9,0.031,45.0,130.0,0.99072,3.31,0.58,11.75,good,0,good
6.8,0.26,0.44,8.2,0.046,52.0,183.0,0.99584,3.2,0.51,9.4,bad,0,bad
7.6,0.36,0.49,11.3,0.046,87.0,221.0,0.9984,3.01,0.43,9.2,bad,0,bad
7.3,0.145,0.33,1.1,0.042,14.0,64.0,0.99012,3.1,0.37,11.8,good,0,good
6.8,0.21,0.49,14.5,0.06,50.0,170.0,0.9991,3.55,0.44,9.8,good,0,good
6.2,0.22,0.28,2.2,0.04,24.0,125.0,0.9917,3.19,0.48,10.5,good,0,good
6.0,0.26,0.34,1.3,0.046,6.0,29.0,0.9924,3.29,0.63,10.4,bad,0,bad
6.0,0.29,0.41,10.8,0.048,55.0,149.0,0.9937,3.09,0.59,11.0,good,0,good
7.6,0.27,0.29,2.5,0.059,37.0,115.0,0.99328,3.09,0.37,9.8,bad,0,bad
6.6,0.22,0.53,15.1,0.052,22.0,136.0,0.9986,2.94,0.35,9.4,bad,0,bad
7.2,0.29,0.18,8.2,0.042,41.0,180.0,0.99644,3.16,0.49,9.1,bad,0,bad
7.5,0.16,0.38,12.7,0.043,70.5,163.0,0.99706,3.15,0.82,10.4,good,0,good
6.2,0.3,0.17,2.8,0.04,24.0,125.0,0.9939,3.01,0.46,9.0,bad,0,bad
6.7,0.36,0.28,8.3,0.034,29.0,81.0,0.99151,2.96,0.39,12.5,good,0,good
7.4,0.28,0.5,12.1,0.049,48.0,122.0,0.9973,3.01,0.44,9.0,bad,0,bad
5.6,0.15,0.31,5.3,0.038,8.0,79.0,0.9923,3.3,0.39,10.5,good,0,good
6.7,0.45,0.3,5.3,0.036,27.0,165.0,0.99122,3.12,0.46,12.2,good,0,good
6.1,0.24,0.27,9.8,0.062,33.0,152.0,0.9966,3.31,0.47,9.5,good,0,good
6.3,0.22,0.34,1.2,0.036,32.0,96.0,0.98961,3.06,0.74,11.6,good,0,good
6.3,0.37,0.28,6.3,0.034,45.0,152.0,0.9921,3.29,0.46,11.6,good,0,good
7.1,0.29,0.49,1.2,0.031,32.0,99.0,0.9893,3.07,0.33,12.2,good,0,good
6.2,0.36,0.14,8.9,0.036,38.0,155.0,0.99622,3.27,0.5,9.4,bad,0,bad
8.7,0.3,0.34,4.8,0.018,23.0,127.0,0.99474,3.12,0.49,11.2,good,0,good
11.8,0.23,0.38,11.1,0.034,15.0,123.0,0.9997,2.93,0.55,9.7,bad,0,bad
7.2,0.27,0.31,1.2,0.031,27.0,80.0,0.98892,3.03,0.33,12.7,good,0,good
6.7,0.22,0.39,10.2,0.038,60.0,149.0,0.99725,3.17,0.54,10.0,good,0,good
6.6,0.22,0.37,1.2,0.059,45.0,199.0,0.993,3.37,0.55,10.3,good,0,good
6.0,0.31,0.24,3.3,0.041,25.0,143.0,0.9914,3.31,0.44,11.3,good,0,good
7.1,0.31,0.5,14.5,0.059,6.0,148.0,0.9983,2.94,0.44,9.1,bad,0,bad
7.6,0.445,0.44,14.5,0.045,68.0,212.0,0.9986,3.48,0.36,10.0,good,0,good
9.2,0.71,0.23,6.2,0.042,15.0,93.0,0.9948,2.89,0.34,10.1,good,0,good
6.1,0.29,0.27,1.7,0.024,13.0,76.0,0.9893,3.21,0.51,12.6,good,0,good
6.4,0.105,0.29,1.1,0.035,44.0,140.0,0.99142,3.17,0.55,10.7,good,0,good
6.5,0.17,0.31,1.5,0.041,34.0,121.0,0.99092,3.06,0.46,10.5,good,0,good
6.5,0.16,0.33,1.0,0.027,23.0,75.0,0.9908,3.3,0.39,11.4,good,0,good
5.0,0.35,0.25,7.8,0.031,24.0,116.0,0.99241,3.39,0.4,11.3,good,0,good
6.2,0.22,0.28,2.2,0.04,24.0,125.0,0.9917,3.19,0.48,10.5,good,0,good
6.4,0.22,0.34,1.8,0.057,29.0,104.0,0.9959,3.81,0.57,10.3,good,0,good
7.1,0.44,0.27,8.4,0.057,60.0,160.0,0.99257,3.16,0.36,11.8,good,0,good
5.1,0.305,0.13,1.75,0.036,17.0,73.0,0.99,3.4,0.51,12.33333333,bad,0,bad
6.9,0.34,0.74,11.2,0.069,44.0,150.0,0.9968,3.0,0.81,9.2,bad,0,bad
7.8,0.21,0.34,11.9,0.039,55.0,140.0,0.9959,3.02,0.31,10.3,good,0,good
7.0,0.24,0.3,4.2,0.04,41.0,213.0,0.9927,3.28,0.49,11.8,good,0,good
6.9,0.49,0.24,1.2,0.049,13.0,125.0,0.9932,3.17,0.51,9.4,bad,0,bad
5.2,0.44,0.04,1.4,0.036,43.0,119.0,0.9894,3.36,0.33,12.1,good,0,good
6.0,0.17,0.29,9.7,0.044,33.0,98.0,0.99536,3.12,0.36,9.2,good,0,good
6.5,0.27,0.19,4.2,0.046,6.0,114.0,0.9955,3.25,0.35,8.6,bad,0,bad
7.3,0.27,0.39,6.7,0.064,28.0,188.0,0.9958,3.29,0.3,9.7,bad,0,bad
6.7,0.31,0.18,7.7,0.043,57.0,200.0,0.99566,3.17,0.44,9.4,good,0,good
6.1,0.34,0.21,5.0,0.042,17.0,133.0,0.99373,3.02,0.53,9.4,bad,0,bad
6.6,0.4,0.32,1.7,0.035,39.0,84.0,0.99096,3.59,0.48,12.7,good,0,good
7.3,0.18,0.29,1.0,0.036,26.0,101.0,0.99,3.09,0.37,11.7,good,0,good
6.6,0.26,0.46,6.9,0.047,59.0,183.0,0.99594,3.2,0.45,9.3,bad,0,bad
6.7,0.29,0.49,4.7,0.034,35.0,156.0,0.9945,3.13,0.45,9.9,good,0,good
6.8,0.27,0.3,13.0,0.047,69.0,160.0,0.99705,3.16,0.5,9.6,good,0,good
7.4,0.28,0.42,19.8,0.066,53.0,195.0,1.0,2.96,0.44,9.1,bad,0,bad
5.7,0.21,0.25,1.1,0.035,26.0,81.0,0.9902,3.31,0.52,11.4,good,0,good
6.4,0.22,0.32,12.0,0.066,57.0,158.0,0.9992,3.6,0.43,9.0,good,0,good
6.9,0.54,0.26,12.7,0.049,59.0,195.0,0.99596,3.26,0.54,10.5,good,0,good
7.9,0.26,0.41,15.15,0.04,38.0,216.0,0.9976,2.96,0.6,10.0,good,0,good
6.6,0.39,0.28,9.2,0.036,10.0,92.0,0.99206,3.07,0.35,12.1,good,0,good
6.8,0.34,0.27,5.2,0.06,14.0,169.0,0.99252,3.27,0.57,11.6,good,0,good
7.0,0.32,0.29,4.9,0.036,41.0,150.0,0.99168,3.38,0.43,12.2,good,0,good
5.7,0.22,0.22,16.65,0.044,39.0,110.0,0.99855,3.24,0.48,9.0,good,0,good
6.3,0.28,0.22,9.5,0.04,30.0,111.0,0.99338,3.05,0.31,10.8,bad,0,bad
6.0,0.14,0.17,5.6,0.036,37.0,127.0,0.99373,3.05,0.57,9.8,good,0,good
5.9,0.21,0.31,1.8,0.033,45.0,142.0,0.98984,3.35,0.5,12.7,good,0,good
5.8,0.17,0.34,1.8,0.045,96.0,170.0,0.99035,3.38,0.9,11.8,good,0,good
7.6,0.27,0.29,2.5,0.059,37.0,115.0,0.99328,3.09,0.37,9.8,bad,0,bad
5.0,0.33,0.23,11.8,0.03,23.0,158.0,0.99322,3.41,0.64,11.8,good,0,good
5.7,0.33,0.32,1.4,0.043,28.0,93.0,0.9897,3.31,0.5,12.3,good,0,good
9.2,0.23,0.3,1.1,0.031,40.0,99.0,0.9929,2.94,0.3,10.4,good,0,good
7.4,0.16,0.3,1.4,0.064,34.0,166.0,0.99136,3.11,0.42,11.43333333,good,0,good
8.2,0.61,0.45,5.4,0.03,15.0,118.0,0.9954,3.14,0.34,9.6,bad,0,bad
6.2,0.23,0.36,17.2,0.039,37.0,130.0,0.99946,3.23,0.43,8.8,good,0,good
6.6,0.16,0.3,1.6,0.034,15.0,78.0,0.992,3.38,0.44,11.2,good,0,good
6.5,0.27,0.26,8.2,0.042,21.0,133.0,0.99612,3.43,0.64,9.8,good,0,good
7.4,0.24,0.4,4.3,0.032,9.0,95.0,0.992,3.09,0.39,11.1,good,0,good
6.8,0.26,0.56,11.9,0.043,64.0,226.0,0.997,3.02,0.63,9.3,bad,0,bad
7.8,0.49,0.49,7.0,0.043,29.0,149.0,0.9952,3.21,0.33,10.0,bad,0,bad
6.2,0.34,0.28,7.5,0.034,40.0,197.0,0.99485,3.14,0.6,9.7,bad,0,bad
6.4,0.26,0.21,8.2,0.05,51.0,182.0,0.99542,3.23,0.48,9.5,bad,0,bad
8.3,0.36,0.57,15.0,0.052,35.0,256.0,1.0001,2.93,0.64,8.6,bad,0,bad
7.0,0.27,0.32,6.8,0.047,47.0,193.0,0.9938,3.23,0.39,11.4,good,0,good
6.7,0.18,0.25,14.3,0.048,79.0,149.0,0.9975,3.12,0.37,9.7,bad,0,bad
6.2,0.34,0.25,12.1,0.059,33.0,171.0,0.99769,3.14,0.56,8.7,good,0,good
7.1,0.28,0.31,1.5,0.053,20.0,98.0,0.99069,3.15,0.5,11.4,bad,0,bad
7.2,0.16,0.49,1.3,0.037,27.0,104.0,0.9924,3.23,0.57,10.6,good,0,good
6.5,0.29,0.25,2.5,0.142,8.0,111.0,0.9927,3.0,0.44,9.9,bad,0,bad
6.4,0.26,0.22,5.1,0.037,23.0,131.0,0.9944,3.29,0.32,10.1,bad,0,bad
7.0,0.13,0.37,12.85,0.042,36.0,105.0,0.99581,3.05,0.55,10.7,good,0,good
7.3,0.26,0.49,5.0,0.028,32.0,107.0,0.9936,3.24,0.54,10.8,good,0,good
6.0,0.2,0.25,2.0,0.041,30.0,95.0,0.99078,3.27,0.56,11.1,good,0,good
6.6,0.22,0.29,14.4,0.046,39.0,118.0,0.99834,3.05,0.5,9.1,good,0,good
8.0,0.32,0.36,4.6,0.042,56.0,178.0,0.9928,3.29,0.47,12.0,good,0,good
7.3,0.2,0.44,1.4,0.045,21.0,98.0,0.9924,3.15,0.46,10.0,good,0,good
6.1,0.27,0.31,1.5,0.035,17.0,83.0,0.99076,3.32,0.44,11.1,good,0,good
6.7,0.19,0.41,15.6,0.056,75.0,155.0,0.9995,3.2,0.44,8.8,good,0,good
7.1,0.43,0.3,6.6,0.025,15.0,138.0,0.99126,3.18,0.46,12.6,good,0,good
6.9,0.23,0.34,4.0,0.047,24.0,128.0,0.9944,3.2,0.52,9.7,good,0,good
6.5,0.19,0.3,0.8,0.043,33.0,144.0,0.9936,3.42,0.39,9.1,good,0,good
9.8,0.42,0.48,9.85,0.034,5.0,110.0,0.9958,2.87,0.29,10.0,bad,0,bad
6.2,0.24,0.22,7.9,0.053,45.0,149.0,0.99545,3.23,0.52,9.3,bad,0,bad
6.5,0.13,0.37,1.0,0.036,48.0,114.0,0.9911,3.41,0.51,11.5,good,0,good
6.3,0.22,0.3,2.0,0.05,23.0,120.0,0.99204,3.24,0.47,10.4,good,0,good
5.3,0.3,0.16,4.2,0.029,37.0,100.0,0.9905,3.3,0.36,11.8,good,0,good
6.5,0.25,0.32,9.9,0.045,41.0,128.0,0.99636,3.18,0.52,9.6,good,0,good
5.1,0.29,0.28,8.3,0.026,27.0,107.0,0.99308,3.36,0.37,11.0,good,0,good
6.3,0.305,0.22,16.0,0.061,26.0,141.0,0.99824,3.08,0.5,9.1,bad,0,bad
6.2,0.3,0.31,1.2,0.048,19.0,125.0,0.98999,3.32,0.54,12.6,good,0,good
6.8,0.37,0.28,4.0,0.03,29.0,79.0,0.99,3.23,0.46,12.4,good,0,good
7.4,0.21,0.27,1.2,0.041,27.0,99.0,0.9927,3.19,0.33,9.8,good,0,good
6.3,0.22,0.43,4.55,0.038,31.0,130.0,0.9918,3.35,0.33,11.5,good,0,good
8.0,0.25,0.26,14.0,0.043,41.0,248.0,0.9986,3.03,0.57,8.7,good,0,good
7.6,0.23,0.64,12.9,0.033,54.0,170.0,0.998,3.0,0.53,8.8,bad,0,bad
7.2,0.39,0.63,11.0,0.044,55.0,156.0,0.9974,3.09,0.44,8.7,good,0,good
7.8,0.32,0.33,2.4,0.037,18.0,101.0,0.9912,3.21,0.65,11.7,good,0,good
6.3,0.33,0.2,17.9,0.066,36.0,161.0,0.9991,3.14,0.51,8.8,bad,0,bad
6.4,0.28,0.41,6.8,0.045,61.0,216.0,0.9952,3.09,0.46,9.4,bad,0,bad
6.7,0.19,0.34,1.0,0.022,22.0,94.0,0.9912,3.23,0.57,11.1,good,0,good
8.5,0.16,0.33,1.0,0.076,17.0,57.0,0.9921,3.14,0.46,10.6,good,0,good
6.9,0.3,0.36,4.5,0.054,31.0,203.0,0.99513,3.4,0.57,10.4,bad,0,bad
7.2,0.21,1.0,1.1,0.154,46.0,114.0,0.9931,2.95,0.43,9.2,good,0,good
7.9,0.345,0.51,15.3,0.047,54.0,171.0,0.9987,3.09,0.51,9.1,bad,0,bad
6.0,0.22,0.28,1.1,0.034,47.0,90.0,0.98862,3.22,0.38,12.6,good,0,good
7.6,0.27,0.34,5.0,0.04,18.0,56.0,0.99084,3.06,0.48,12.4,good,0,good
7.0,0.19,0.23,5.7,0.123,27.0,104.0,0.9954,3.04,0.54,9.4,good,0,good
6.3,0.34,0.29,6.2,0.046,29.0,227.0,0.9952,3.29,0.53,10.1,good,0,good
7.0,0.19,0.23,5.7,0.123,27.0,104.0,0.9954,3.04,0.54,9.4,good,0,good
7.5,0.2,0.41,1.2,0.05,26.0,131.0,0.99133,3.19,0.52,11.1,bad,0,bad
6.0,0.27,0.4,1.7,0.021,18.0,82.0,0.9891,3.24,0.95,13.13333333,good,0,good
6.5,0.22,0.19,4.5,0.096,16.0,115.0,0.9937,3.02,0.44,9.6,bad,0,bad
5.0,0.61,0.12,1.3,0.009,65.0,100.0,0.9874,3.26,0.37,13.5,bad,0,bad
7.7,0.32,0.62,10.6,0.036,56.0,153.0,0.9978,3.13,0.44,8.9,good,0,good
7.1,0.39,0.79,1.4,0.194,23.0,90.0,0.99212,3.17,0.46,10.5,good,0,good
7.0,0.35,0.3,6.5,0.028,27.0,87.0,0.9936,3.4,0.42,11.4,good,0,good
6.9,0.19,0.33,1.6,0.043,63.0,149.0,0.9925,3.44,0.52,10.8,bad,0,bad
7.0,0.23,0.28,2.7,0.053,16.0,92.0,0.99372,3.18,0.56,9.3,bad,0,bad
7.2,0.23,0.19,13.7,0.052,47.0,197.0,0.99865,3.12,0.53,9.0,bad,0,bad
6.3,0.21,0.29,11.7,0.048,49.0,147.0,0.99482,3.22,0.38,10.8,bad,0,bad
5.8,0.27,0.2,14.95,0.044,22.0,179.0,0.9962,3.37,0.37,10.2,bad,0,bad
6.8,0.14,0.18,1.4,0.047,30.0,90.0,0.99164,3.27,0.54,11.2,good,0,good
6.8,0.26,0.26,2.0,0.019,23.5,72.0,0.99041,3.16,0.47,11.8,good,0,good
7.1,0.21,0.31,3.8,0.021,40.0,142.0,0.99215,3.17,0.39,10.8,good,0,good
7.5,0.27,0.36,7.0,0.036,45.0,164.0,0.9939,3.03,0.33,11.0,bad,0,bad
7.6,0.3,0.27,10.6,0.039,31.0,119.0,0.99815,3.27,0.3,9.3,good,0,good
6.4,0.25,0.74,7.8,0.045,52.0,209.0,0.9956,3.21,0.42,9.2,good,0,good
6.8,0.18,0.28,9.8,0.039,29.0,113.0,0.99406,3.11,0.45,10.9,good,0,good
6.6,0.18,0.26,17.3,0.051,17.0,149.0,0.9984,3.0,0.43,9.4,good,0,good
6.9,0.19,0.35,13.5,0.038,49.0,118.0,0.99546,3.0,0.63,10.7,good,0,good
6.9,0.4,0.3,10.6,0.033,24.0,87.0,0.99265,3.15,0.45,12.8,good,0,good
7.4,0.21,0.27,7.3,0.031,41.0,144.0,0.9932,3.15,0.38,11.8,good,0,good
6.7,0.26,0.39,1.1,0.04,45.0,147.0,0.9935,3.32,0.58,9.6,good,0,good
7.2,0.25,0.19,8.0,0.044,51.0,172.0,0.9964,3.16,0.44,9.2,bad,0,bad
5.8,0.21,0.32,1.6,0.045,38.0,95.0,0.98946,3.23,0.94,12.4,good,0,good
7.5,0.22,0.33,6.7,0.036,45.0,138.0,0.9939,3.2,0.68,11.4,good,0,good
5.6,0.205,0.16,12.55,0.051,31.0,115.0,0.99564,3.4,0.38,10.8,good,0,good
6.2,0.27,0.32,8.8,0.047,65.0,224.0,0.9961,3.17,0.47,8.9,bad,0,bad
5.6,0.28,0.27,3.9,0.043,52.0,158.0,0.99202,3.35,0.44,10.7,good,0,good
9.2,0.34,0.27,1.2,0.026,17.0,73.0,0.9921,3.08,0.39,10.8,bad,0,bad
7.2,0.24,0.36,2.0,0.029,21.0,63.0,0.99076,3.13,0.63,12.5,good,0,good
5.1,0.21,0.28,1.4,0.047,48.0,148.0,0.99168,3.5,0.49,10.4,bad,0,bad
6.9,0.3,0.25,3.3,0.041,26.0,124.0,0.99428,3.18,0.5,9.3,good,0,good
5.8,0.29,0.33,3.7,0.029,30.0,88.0,0.98994,3.25,0.42,12.3,good,0,good
7.8,0.28,0.32,9.0,0.036,34.0,115.0,0.9952,3.17,0.39,10.3,good,0,good
6.1,0.24,0.26,1.7,0.033,61.0,134.0,0.9903,3.19,0.81,11.9,good,0,good
8.4,0.16,0.33,1.5,0.033,16.0,98.0,0.994,3.14,0.42,9.7,good,0,good
6.2,0.41,0.22,1.9,0.023,5.0,56.0,0.98928,3.04,0.79,13.0,good,0,good
6.9,0.2,0.34,1.9,0.043,25.0,136.0,0.9935,3.31,0.6,10.1,bad,0,bad
6.8,0.22,0.35,5.5,0.043,21.0,114.0,0.9938,3.3,0.53,10.7,good,0,good
8.1,0.27,0.41,1.45,0.033,11.0,63.0,0.9908,2.99,0.56,12.0,bad,0,bad
6.6,0.29,0.44,9.0,0.053,62.0,178.0,0.99685,3.02,0.45,8.9,bad,0,bad
6.6,0.43,0.24,11.9,0.04,54.0,159.0,0.99622,3.14,0.54,9.8,good,0,good
6.0,0.45,0.65,9.7,0.08,11.0,159.0,0.9956,3.04,0.48,9.4,bad,0,bad
6.5,0.23,0.36,16.3,0.038,43.0,133.0,0.99924,3.26,0.41,8.8,bad,0,bad
7.6,0.3,0.37,1.6,0.087,27.0,177.0,0.99438,3.09,0.5,9.8,bad,0,bad
6.2,0.38,0.18,7.4,0.095,28.0,195.0,0.99773,3.53,0.71,9.2,bad,0,bad
7.3,0.24,0.39,17.95,0.057,45.0,149.0,0.9999,3.21,0.36,8.6,bad,0,bad
6.3,0.26,0.42,7.1,0.045,62.0,209.0,0.99544,3.2,0.53,9.5,good,0,good
7.2,0.32,0.4,8.7,0.038,45.0,154.0,0.99568,3.2,0.47,10.4,good,0,good
7.7,0.27,0.61,12.0,0.046,64.0,179.0,0.9982,3.07,0.46,8.9,bad,0,bad
6.7,0.23,0.42,11.2,0.047,52.0,171.0,0.99758,3.54,0.74,10.4,bad,0,bad
7.4,0.28,0.25,11.9,0.053,25.0,148.0,0.9976,3.1,0.62,9.2,bad,0,bad
7.8,0.26,0.31,3.6,0.025,22.0,100.0,0.99066,2.99,0.47,12.1,good,0,good
6.0,0.18,0.31,1.4,0.036,14.0,75.0,0.99085,3.34,0.58,11.1,good,0,good
6.8,0.26,0.22,4.8,0.041,110.0,198.0,0.99437,3.29,0.67,10.6,bad,0,bad
6.8,0.31,0.3,8.0,0.028,33.0,122.0,0.99164,3.13,0.63,12.6,good,0,good
8.4,0.32,0.35,11.7,0.029,3.0,46.0,0.99439,3.02,0.34,11.8,good,0,good
6.3,0.22,0.27,4.5,0.036,81.0,157.0,0.9928,3.05,0.76,10.7,good,0,good
7.9,0.36,0.53,12.9,0.049,63.0,139.0,0.99792,2.94,0.45,9.1,bad,0,bad
5.7,0.2,0.24,13.8,0.047,44.0,112.0,0.99837,2.97,0.66,8.8,good,0,good
6.3,0.3,0.19,7.7,0.049,47.0,184.0,0.99514,3.22,0.48,9.5,bad,0,bad
7.0,0.35,0.31,1.8,0.069,15.0,162.0,0.9944,3.18,0.47,9.4,bad,0,bad
6.3,0.26,0.25,7.8,0.058,44.0,166.0,0.9961,3.24,0.41,9.0,bad,0,bad
6.3,0.29,0.14,7.05,0.045,50.0,177.0,0.99564,3.23,0.42,9.0,bad,0,bad
5.8,0.25,0.28,11.1,0.056,45.0,175.0,0.99755,3.42,0.43,9.5,bad,0,bad
6.4,0.29,0.3,2.9,0.036,25.0,79.0,0.99037,3.29,0.6,12.4,good,0,good
6.2,0.31,0.21,6.3,0.041,50.0,218.0,0.9941,3.15,0.6,10.0,bad,0,bad
6.9,0.41,0.33,10.1,0.043,28.0,152.0,0.9968,3.2,0.52,9.4,bad,0,bad
7.0,0.15,0.3,13.3,0.049,46.0,120.0,0.99704,3.2,0.36,9.5,good,0,good
6.7,0.28,0.34,8.9,0.048,32.0,111.0,0.99455,3.25,0.54,11.0,good,0,good
5.2,0.24,0.45,3.8,0.027,21.0,128.0,0.992,3.55,0.49,11.2,good,0,good
7.3,0.13,0.27,4.6,0.08,34.0,172.0,0.9938,3.23,0.39,11.1,good,0,good
5.4,0.24,0.18,2.3,0.05,22.0,145.0,0.99207,3.24,0.46,10.3,bad,0,bad
8.1,0.29,0.49,7.1,0.042,22.0,124.0,0.9944,3.14,0.41,10.8,good,0,good
6.4,0.23,0.35,4.6,0.039,43.0,147.0,0.99216,3.18,0.4,11.0,good,0,good
8.4,0.17,0.31,6.7,0.038,29.0,132.0,0.9945,3.1,0.32,10.6,good,0,good
6.6,0.24,0.24,8.6,0.034,25.0,135.0,0.99582,3.33,0.59,10.3,good,0,good
5.8,0.3,0.38,4.9,0.039,22.0,86.0,0.98963,3.23,0.58,13.1,good,0,good
6.9,0.25,0.26,5.2,0.024,36.0,135.0,0.9948,3.16,0.72,10.7,good,0,good
7.0,0.28,0.33,14.6,0.043,47.0,168.0,0.9994,3.34,0.67,8.8,good,0,good
6.2,0.3,0.17,2.8,0.04,24.0,125.0,0.9939,3.01,0.46,9.0,bad,0,bad
6.1,0.33,0.3,3.0,0.036,30.0,124.0,0.98922,3.31,0.4,13.1,good,0,good
7.2,0.23,0.39,14.2,0.058,49.0,192.0,0.9979,2.98,0.48,9.0,good,0,good
8.1,0.26,0.37,1.9,0.072,48.0,159.0,0.9949,3.37,0.7,10.9,good,0,good
7.1,0.21,0.4,1.2,0.069,24.0,156.0,0.9928,3.42,0.43,10.6,good,0,good
6.7,0.12,0.36,2.3,0.039,43.0,125.0,0.99229,3.07,0.67,10.1,good,0,good
6.6,0.22,0.28,4.9,0.042,51.0,180.0,0.9952,3.3,0.75,9.5,good,0,good
7.2,0.27,0.28,15.2,0.046,6.0,41.0,0.99665,3.17,0.39,10.9,good,0,good
8.0,0.26,0.28,8.2,0.038,72.0,202.0,0.99566,3.12,0.56,10.0,good,0,good
6.2,0.21,0.34,6.6,0.03,36.0,91.0,0.9914,3.32,0.45,12.5,good,0,good
6.6,0.23,0.32,0.9,0.041,25.0,79.0,0.9926,3.39,0.54,10.2,good,0,good
6.7,0.25,0.74,19.4,0.054,44.0,169.0,1.0004,3.51,0.45,9.8,good,0,good
7.5,0.18,0.31,6.5,0.029,53.0,160.0,0.99276,3.03,0.38,10.9,good,0,good
6.8,0.2,0.28,12.6,0.048,54.0,136.0,0.99556,3.19,0.37,10.7,good,0,good
6.3,0.35,0.3,5.7,0.035,8.0,97.0,0.9927,3.27,0.41,11.0,good,0,good
6.3,0.34,0.33,4.6,0.034,19.0,80.0,0.9917,3.38,0.58,12.0,good,0,good
6.0,0.37,0.32,1.0,0.053,31.0,218.5,0.9924,3.29,0.72,9.8,good,0,good
6.2,0.21,0.29,1.6,0.039,24.0,92.0,0.99114,3.27,0.5,11.2,good,0,good
6.1,0.28,0.24,19.95,0.074,32.0,174.0,0.99922,3.19,0.44,9.3,good,0,good
6.9,0.24,0.37,6.1,0.027,38.0,112.0,0.99086,3.19,0.34,12.4,good,0,good
7.1,0.43,0.61,11.8,0.045,54.0,155.0,0.9974,3.11,0.45,8.7,bad,0,bad
6.3,0.16,0.4,1.6,0.033,59.0,148.0,0.9914,3.44,0.53,11.4,bad,0,bad
6.4,0.27,0.49,7.3,0.046,53.0,206.0,0.9956,3.24,0.43,9.2,good,0,good
5.8,0.28,0.66,9.1,0.039,26.0,159.0,0.9965,3.66,0.55,10.8,bad,0,bad
7.4,0.56,0.09,1.5,0.071,19.0,117.0,0.99496,3.22,0.53,9.8,bad,0,bad
7.8,0.3,0.74,1.8,0.033,33.0,156.0,0.991,3.29,0.52,12.8,good,0,good
6.3,0.19,0.32,2.8,0.046,18.0,80.0,0.99043,2.92,0.47,11.05,good,0,good
6.4,0.22,0.38,9.1,0.044,35.0,127.0,0.99326,2.97,0.3,11.0,good,0,good
6.2,0.21,0.28,5.7,0.028,45.0,121.0,0.99168,3.21,1.08,12.15,good,0,good
5.6,0.245,0.25,9.7,0.032,12.0,68.0,0.994,3.31,0.34,10.5,bad,0,bad
6.2,0.35,0.2,18.1,0.069,33.0,158.0,0.99908,3.15,0.5,8.8,good,0,good
6.4,0.22,0.32,7.9,0.029,34.0,124.0,0.9948,3.4,0.39,10.2,bad,0,bad
7.9,0.14,0.28,1.8,0.041,44.0,178.0,0.9954,3.45,0.43,9.2,good,0,good
7.4,0.2,0.28,9.1,0.047,29.0,95.0,0.99532,3.16,0.47,9.8,good,0,good
6.4,0.32,0.23,16.2,0.055,36.0,176.0,0.9986,3.26,0.54,9.1,bad,0,bad
6.4,0.29,0.21,9.65,0.041,36.0,119.0,0.99334,2.99,0.34,10.93333333,good,0,good
8.8,0.28,0.45,6.0,0.022,14.0,49.0,0.9934,3.01,0.33,11.1,good,0,good
6.5,0.26,0.34,16.3,0.051,56.0,197.0,1.0004,3.49,0.42,9.8,bad,0,bad
6.3,0.17,0.23,5.7,0.048,44.0,147.0,0.99382,3.08,0.54,10.0,bad,0,bad
4.8,0.26,0.23,10.6,0.034,23.0,111.0,0.99274,3.46,0.28,11.5,good,0,good
8.4,0.58,0.27,12.15,0.033,37.0,116.0,0.9959,2.99,0.39,10.8,good,0,good
7.6,0.51,0.24,1.2,0.04,10.0,104.0,0.992,3.05,0.29,10.8,good,0,good
7.5,0.27,0.31,5.8,0.057,131.0,313.0,0.9946,3.18,0.59,10.5,bad,0,bad
7.3,0.36,0.62,7.1,0.033,48.0,185.0,0.99472,3.14,0.62,10.6,good,0,good
6.0,0.35,0.46,0.9,0.033,9.0,65.0,0.98934,3.24,0.35,12.1,bad,0,bad
6.8,0.32,0.32,8.7,0.029,31.0,105.0,0.99146,3.0,0.34,12.3,good,0,good
5.9,0.34,0.3,3.8,0.035,57.0,135.0,0.99016,3.09,0.34,12.0,good,0,good
6.8,0.28,0.17,13.9,0.047,49.0,162.0,0.9983,3.21,0.51,9.0,good,0,good
6.2,0.16,0.33,1.1,0.057,21.0,82.0,0.991,3.32,0.46,10.9,good,0,good
6.8,0.27,0.49,1.2,0.044,35.0,126.0,0.99,3.13,0.48,12.1,good,0,good
7.6,0.48,0.33,7.0,0.024,14.0,130.0,0.9918,3.25,0.45,12.5,good,0,good
7.1,0.2,0.27,9.6,0.037,19.0,105.0,0.99444,3.04,0.37,10.5,good,0,good
6.6,0.24,0.3,13.0,0.052,18.0,143.0,0.99825,3.37,0.49,9.4,good,0,good
6.5,0.08,0.33,1.9,0.028,23.0,93.0,0.991,3.34,0.7,12.0,good,0,good
6.4,0.25,0.74,7.8,0.045,52.0,209.0,0.9956,3.21,0.42,9.2,good,0,good
6.6,0.32,0.24,1.3,0.06,42.5,204.0,0.99512,3.59,0.51,9.2,bad,0,bad
7.3,0.3,0.25,2.5,0.045,32.0,122.0,0.99329,3.18,0.54,10.3,bad,0,bad
6.3,0.24,0.29,1.6,0.052,48.0,185.0,0.9934,3.21,0.5,9.4,bad,0,bad
6.6,0.26,0.56,15.4,0.053,32.0,141.0,0.9981,3.11,0.49,9.3,bad,0,bad
6.7,0.18,0.28,10.2,0.039,29.0,115.0,0.99469,3.11,0.45,10.9,good,0,good
6.7,0.24,0.41,9.4,0.04,49.0,166.0,0.9954,3.12,0.61,9.9,good,0,good
5.8,0.2,0.34,1.0,0.035,40.0,86.0,0.98993,3.5,0.42,11.7,bad,0,bad
6.9,0.2,0.36,1.5,0.031,38.0,147.0,0.9931,3.35,0.56,11.0,good,0,good
7.4,0.28,0.3,5.3,0.054,44.0,161.0,0.9941,3.12,0.48,10.3,good,0,good
6.7,0.2,0.24,6.5,0.044,28.0,100.0,0.99348,3.12,0.33,10.2,good,0,good
7.3,0.25,0.36,2.1,0.034,30.0,177.0,0.99085,3.25,0.4,11.9,good,0,good
7.3,0.22,0.31,2.3,0.018,45.0,80.0,0.98936,3.06,0.34,12.9,good,0,good
7.0,0.18,0.37,1.5,0.043,16.0,104.0,0.99216,3.18,0.5,10.8,bad,0,bad
6.5,0.15,0.32,1.3,0.036,19.0,76.0,0.98964,3.18,0.41,12.3,good,0,good
6.1,0.6,0.0,1.3,0.042,24.0,79.0,0.9937,3.31,0.38,9.4,bad,0,bad
6.4,0.3,0.16,7.5,0.05,55.0,191.0,0.9959,3.17,0.49,9.0,bad,0,bad
7.7,0.28,0.35,15.3,0.056,31.0,117.0,0.9998,3.27,0.5,9.6,bad,0,bad
6.0,0.38,0.26,3.5,0.035,38.0,111.0,0.98872,3.18,0.47,13.6,good,0,good
6.0,0.1,0.24,1.1,0.041,15.0,65.0,0.9927,3.61,0.61,10.3,good,0,good
6.4,0.15,0.29,1.8,0.044,21.0,115.0,0.99166,3.1,0.38,10.2,bad,0,bad
7.4,0.33,0.26,15.6,0.049,67.0,210.0,0.99907,3.06,0.68,9.5,bad,0,bad
5.0,0.33,0.16,1.5,0.049,10.0,97.0,0.9917,3.48,0.44,10.7,good,0,good
7.0,0.21,0.31,6.0,0.046,29.0,108.0,0.9939,3.26,0.5,10.8,good,0,good
6.1,0.32,0.25,1.7,0.034,37.0,136.0,0.992,3.47,0.5,10.8,good,0,good
7.2,0.32,0.33,1.4,0.029,29.0,109.0,0.9902,3.15,0.51,12.8,good,0,good
6.2,0.38,0.42,2.5,0.038,34.0,117.0,0.99132,3.36,0.59,11.6,good,0,good
6.4,0.33,0.31,5.5,0.048,42.0,173.0,0.9951,3.19,0.66,9.3,good,0,good
6.8,0.37,0.67,1.5,0.175,16.0,98.0,0.99244,3.06,0.56,10.3,good,0,good
7.5,0.28,0.78,12.1,0.041,53.0,161.0,0.99838,2.98,0.44,8.7,bad,0,bad
6.3,0.27,0.38,0.9,0.051,7.0,140.0,0.9926,3.45,0.5,10.5,good,0,good
6.1,0.31,0.26,2.2,0.051,28.0,167.0,0.9926,3.37,0.47,10.4,good,0,good
9.2,0.18,0.49,1.5,0.041,39.0,130.0,0.9945,3.04,0.49,9.8,good,0,good
6.8,0.23,0.29,15.4,0.073,56.0,173.0,0.9984,3.06,0.41,8.7,good,0,good
7.4,0.19,0.49,6.7,0.037,15.0,110.0,0.9938,3.2,0.38,11.0,good,0,good
7.1,0.26,0.32,16.2,0.044,31.0,170.0,0.99644,3.17,0.37,11.2,bad,0,bad
7.6,0.18,0.36,2.4,0.049,38.0,123.0,0.996,3.6,0.46,10.3,bad,0,bad
5.0,0.235,0.27,11.75,0.03,34.0,118.0,0.9954,3.07,0.5,9.4,good,0,good
7.1,0.44,0.37,2.7,0.041,35.0,128.0,0.9896,3.07,0.43,13.5,good,0,good
7.9,0.27,0.27,1.7,0.034,25.0,122.0,0.99088,2.97,0.51,11.9,good,0,good
6.7,0.11,0.34,8.8,0.043,41.0,113.0,0.9962,3.42,0.4,9.3,good,0,good
7.6,0.52,0.49,14.0,0.034,37.0,156.0,0.9958,3.14,0.38,11.8,good,0,good
6.5,0.4,0.31,3.5,0.046,22.0,147.0,0.99024,3.15,0.31,12.0,good,0,good
6.7,0.18,0.31,10.6,0.035,42.0,143.0,0.99572,3.08,0.49,9.8,good,0,good
7.9,0.34,0.44,6.5,0.027,47.0,126.0,0.99124,2.96,0.37,12.5,good,0,good
7.7,0.23,0.31,10.7,0.038,59.0,186.0,0.9969,3.12,0.55,9.5,good,0,good
6.9,0.19,0.33,1.6,0.039,27.0,98.0,0.9898,3.09,0.46,12.3,good,0,good
7.5,0.14,0.34,1.3,0.055,50.0,153.0,0.9945,3.29,0.8,9.6,good,0,good
6.7,0.33,0.49,1.6,0.167,20.0,94.0,0.9914,3.11,0.5,11.4,good,0,good
8.6,0.33,0.34,11.8,0.059,42.0,240.0,0.99882,3.17,0.52,10.0,good,0,good
6.7,0.2,0.24,6.5,0.044,28.0,100.0,0.99348,3.12,0.33,10.2,good,0,good
3.8,0.31,0.02,11.1,0.036,20.0,114.0,0.99248,3.75,0.44,12.4,good,0,good
6.0,0.22,0.33,12.2,0.033,25.0,97.0,0.99356,3.17,0.42,11.3,good,0,good
6.4,0.44,0.44,14.4,0.048,29.0,228.0,0.99955,3.26,0.54,8.8,good,0,good
7.2,0.26,0.44,7.1,0.027,25.0,126.0,0.993,3.02,0.34,11.1,good,0,good
6.6,0.25,0.25,1.3,0.04,28.0,85.0,0.98984,2.87,0.48,11.2,good,0,good
5.5,0.18,0.22,5.5,0.037,10.0,86.0,0.99156,3.46,0.44,12.2,bad,0,bad
8.9,0.34,0.34,1.6,0.056,13.0,176.0,0.9946,3.14,0.47,9.7,bad,0,bad
8.6,0.16,0.38,3.4,0.04,41.0,143.0,0.9932,2.95,0.39,10.2,good,0,good
7.9,0.18,0.37,3.0,0.061,25.0,178.0,0.995,3.22,0.51,10.0,good,0,good
6.3,0.34,0.36,4.9,0.035,31.0,185.0,0.9946,3.15,0.49,9.7,bad,0,bad
7.0,0.22,0.26,9.2,0.027,37.0,122.0,0.99228,3.06,0.34,12.5,good,0,good
6.8,0.15,0.41,12.9,0.044,79.5,183.0,0.99742,3.24,0.78,10.2,good,0,good
6.4,0.29,0.32,2.4,0.014,34.0,89.0,0.99008,3.24,0.66,12.5,good,0,good
5.1,0.11,0.32,1.6,0.028,12.0,90.0,0.99008,3.57,0.52,12.2,good,0,good
6.8,0.2,0.36,1.6,0.028,7.0,46.0,0.99175,3.21,0.6,10.9,good,0,good
7.5,0.33,0.36,2.6,0.051,26.0,126.0,0.99097,3.32,0.53,12.7,good,0,good
6.1,0.28,0.24,19.95,0.074,32.0,174.0,0.99922,3.19,0.44,9.3,good,0,good
7.7,0.27,0.34,1.8,0.028,26.0,168.0,0.9911,2.99,0.48,12.1,good,0,good
5.8,0.26,0.3,2.6,0.034,75.0,129.0,0.9902,3.2,0.38,11.5,bad,0,bad
6.1,0.38,0.42,5.0,0.016,31.0,113.0,0.99007,3.15,0.31,12.4,good,0,good
7.8,0.18,0.46,13.6,0.052,38.0,118.0,0.998,3.15,0.5,10.0,good,0,good
6.1,0.2,0.17,1.6,0.048,46.0,129.0,0.991,3.3,0.43,11.4,good,0,good
6.4,0.24,0.28,11.5,0.05,34.0,163.0,0.9969,3.31,0.45,9.5,bad,0,bad
5.8,0.32,0.31,2.7,0.049,25.0,153.0,0.99067,3.44,0.73,12.2,good,0,good
7.0,0.12,0.29,10.3,0.039,41.0,98.0,0.99564,3.19,0.38,9.8,good,0,good
7.1,0.36,0.28,2.4,0.036,35.0,115.0,0.98936,3.19,0.44,13.5,good,0,good
6.5,0.24,0.29,8.2,0.043,32.0,156.0,0.99453,3.13,0.7,10.1,good,0,good
6.9,0.26,0.33,12.6,0.051,59.0,173.0,0.998,3.39,0.38,9.9,bad,0,bad
7.6,0.52,0.49,14.0,0.034,37.0,156.0,0.9958,3.14,0.38,11.8,good,0,good
8.6,0.485,0.29,4.1,0.026,19.0,101.0,0.9918,3.01,0.38,12.4,bad,0,bad
6.4,0.15,0.4,1.5,0.042,23.0,87.0,0.98972,3.11,0.46,12.2,good,0,good
6.9,0.19,0.4,1.4,0.036,14.0,55.0,0.9909,3.08,0.68,11.5,good,0,good
7.5,0.28,0.39,10.2,0.045,59.0,209.0,0.9972,3.16,0.63,9.6,good,0,good
8.5,0.19,0.48,1.1,0.026,23.0,58.0,0.99184,2.9,0.5,10.5,good,0,good
6.2,0.3,0.32,1.2,0.052,32.0,185.0,0.99266,3.28,0.44,10.1,bad,0,bad
6.8,0.26,0.43,11.75,0.045,53.0,198.0,0.9969,3.26,0.55,9.5,bad,0,bad
7.4,0.26,0.31,2.4,0.043,58.0,178.0,0.9941,3.42,0.68,10.6,good,0,good
5.8,0.555,0.26,4.5,0.053,17.0,126.0,0.9943,3.24,0.46,9.1,bad,0,bad
6.8,0.2,0.25,6.2,0.052,22.0,106.0,0.9935,3.09,0.54,10.8,bad,0,bad
7.3,0.24,0.34,15.4,0.05,38.0,174.0,0.9983,3.03,0.42,9.0,good,0,good
7.0,0.16,0.26,7.3,0.047,30.0,220.0,0.99622,3.38,0.58,10.1,good,0,good
6.4,0.24,0.26,8.2,0.054,47.0,182.0,0.99538,3.12,0.5,9.5,bad,0,bad
6.7,0.26,0.26,4.0,0.079,35.5,216.0,0.9956,3.31,0.68,9.5,bad,0,bad
5.6,0.175,0.29,0.8,0.043,20.0,67.0,0.99112,3.28,0.48,9.9,good,0,good
7.2,0.18,0.45,4.4,0.046,57.0,166.0,0.9943,3.13,0.62,11.2,good,0,good
6.5,0.36,0.31,4.1,0.061,20.0,134.0,0.99475,3.18,0.45,9.0,good,0,good
6.4,0.22,0.34,1.4,0.023,56.0,115.0,0.98958,3.18,0.7,11.7,good,0,good
7.3,0.27,0.37,9.7,0.042,36.0,130.0,0.9979,3.48,0.75,9.9,good,0,good
7.2,0.24,0.3,1.6,0.048,27.0,131.0,0.9933,3.25,0.45,10.5,bad,0,bad
6.3,0.34,0.52,6.3,0.047,63.0,186.0,0.99481,3.18,0.44,9.6,bad,0,bad
6.7,0.16,0.36,2.0,0.045,24.0,131.0,0.99284,3.3,0.59,10.5,good,0,good
6.1,0.38,0.2,6.6,0.033,25.0,137.0,0.9938,3.3,0.69,10.4,good,0,good
6.4,0.31,0.28,2.5,0.039,34.0,137.0,0.98946,3.22,0.38,12.7,good,0,good
6.3,0.28,0.24,8.45,0.031,32.0,172.0,0.9958,3.39,0.57,9.7,good,0,good
7.0,0.22,0.26,9.2,0.027,37.0,122.0,0.99228,3.06,0.34,12.5,good,0,good
6.0,0.2,0.71,1.6,0.15,10.0,54.0,0.9927,3.12,0.47,9.8,bad,0,bad
6.6,0.085,0.33,1.4,0.036,17.0,109.0,0.99306,3.27,0.61,9.5,good,0,good
6.8,0.45,0.28,26.05,0.031,27.0,122.0,1.00295,3.06,0.42,10.6,good,0,good
5.8,0.13,0.26,5.1,0.039,19.0,103.0,0.99478,3.36,0.47,9.3,good,0,good
5.8,0.17,0.34,1.8,0.045,96.0,170.0,0.99035,3.38,0.9,11.8,good,0,good
6.4,0.13,0.47,1.6,0.092,40.0,158.0,0.9928,3.21,0.36,9.8,good,0,good
7.3,0.2,0.26,1.6,0.04,36.0,123.0,0.99238,3.34,0.44,10.8,good,0,good
6.0,0.13,0.36,1.6,0.052,23.0,72.0,0.98974,3.1,0.5,11.5,good,0,good
7.0,0.2,0.34,5.7,0.035,32.0,83.0,0.9928,3.19,0.46,11.5,good,0,good
7.4,0.19,0.3,12.8,0.053,48.5,212.0,0.9986,3.14,0.49,9.1,good,0,good
7.0,0.16,0.73,1.0,0.138,58.0,150.0,0.9936,3.08,0.3,9.2,bad,0,bad
6.4,0.29,0.21,9.65,0.041,36.0,119.0,0.99334,2.99,0.34,10.93333333,good,0,good
6.5,0.28,0.27,5.2,0.04,44.0,179.0,0.9948,3.19,0.69,9.4,good,0,good
6.2,0.36,0.27,3.2,0.032,13.0,73.0,0.98942,2.9,0.69,12.6,good,0,good
5.9,0.19,0.37,0.8,0.027,3.0,21.0,0.9897,3.09,0.31,10.8,bad,0,bad
7.0,0.28,0.39,8.7,0.051,32.0,141.0,0.9961,3.38,0.53,10.5,good,0,good
7.2,0.35,0.25,5.6,0.032,23.0,120.0,0.99334,2.93,0.66,10.3,good,0,good
6.0,0.34,0.66,15.9,0.046,26.0,164.0,0.9979,3.14,0.5,8.8,good,0,good
6.7,0.5,0.63,13.4,0.078,81.0,238.0,0.9988,3.08,0.44,9.2,bad,0,bad
6.6,0.33,0.31,1.3,0.02,29.0,89.0,0.99035,3.26,0.44,12.4,good,0,good
7.6,0.29,0.26,6.5,0.042,32.0,160.0,0.9944,3.14,0.47,10.7,bad,0,bad
6.8,0.18,0.3,12.8,0.062,19.0,171.0,0.99808,3.0,0.52,9.0,good,0,good
6.8,0.27,0.22,8.1,0.034,55.0,203.0,0.9961,3.19,0.52,8.9,bad,0,bad
6.8,0.22,0.35,17.5,0.039,38.0,153.0,0.9994,3.24,0.42,9.0,good,0,good
7.4,0.27,0.48,1.1,0.047,17.0,132.0,0.9914,3.19,0.49,11.6,good,0,good
7.4,0.155,0.34,2.3,0.045,73.5,214.0,0.9934,3.18,0.61,9.9,good,0,good
5.8,0.27,0.26,3.5,0.071,26.0,69.0,0.98994,3.1,0.38,11.5,good,0,good
7.2,0.34,0.44,4.2,0.047,51.0,144.0,0.991,3.01,0.76,12.3,good,0,good
9.8,0.36,0.45,1.6,0.042,11.0,124.0,0.9944,2.93,0.46,10.8,bad,0,bad
7.4,0.27,0.26,11.8,0.053,55.0,173.0,0.99699,3.11,0.6,9.8,bad,0,bad
6.6,0.34,0.24,3.3,0.034,29.0,99.0,0.99031,3.1,0.4,12.3,good,0,good
7.3,0.22,0.41,15.4,0.05,55.0,191.0,1.0,3.32,0.59,8.9,good,0,good
8.9,0.33,0.32,1.5,0.047,11.0,200.0,0.9954,3.19,0.46,9.4,bad,0,bad
8.0,0.23,0.46,1.5,0.03,30.0,125.0,0.9907,3.23,0.47,12.5,good,0,good
6.9,0.32,0.17,7.6,0.042,69.0,219.0,0.9959,3.13,0.4,8.9,bad,0,bad
7.5,0.28,0.33,7.7,0.048,42.0,180.0,0.9974,3.37,0.59,10.1,good,0,good
8.8,0.24,0.23,10.3,0.032,12.0,97.0,0.99571,3.13,0.4,10.7,good,0,good
7.0,0.24,0.35,1.0,0.032,42.0,104.0,0.98988,3.16,0.37,11.7,good,0,good
6.8,0.25,0.18,1.4,0.056,13.0,137.0,0.9935,3.11,0.42,9.5,bad,0,bad
6.1,0.18,0.36,2.0,0.038,20.0,249.5,0.9923,3.37,0.79,11.3,good,0,good
6.6,0.23,0.24,3.9,0.045,36.0,138.0,0.9922,3.15,0.64,11.3,good,0,good
5.9,0.32,0.28,4.7,0.039,34.0,94.0,0.98964,3.22,0.57,13.1,good,0,good
9.8,0.16,0.46,1.8,0.046,23.0,130.0,0.99587,3.04,0.67,9.6,bad,0,bad
8.6,0.18,0.4,1.1,0.04,20.0,107.0,0.9923,2.94,0.32,10.2,good,0,good
7.3,0.17,0.36,8.2,0.028,44.0,111.0,0.99272,3.14,0.41,12.4,good,0,good
8.0,0.25,0.27,9.7,0.036,15.0,85.0,0.99406,2.99,0.36,11.2,good,0,good
6.4,0.28,0.44,7.1,0.048,49.0,179.0,0.99528,3.15,0.48,9.2,bad,0,bad
6.4,0.25,0.53,6.6,0.038,59.0,234.0,0.9955,3.03,0.42,8.8,bad,0,bad
6.8,0.19,0.34,1.9,0.04,41.0,108.0,0.99,3.25,0.45,12.9,good,0,good
6.7,0.15,0.38,1.7,0.037,20.0,84.0,0.99046,3.09,0.53,11.4,good,0,good
6.8,0.475,0.33,3.95,0.047,16.0,81.0,0.98988,3.23,0.53,13.4,good,0,good
6.3,0.24,0.29,13.7,0.035,53.0,134.0,0.99567,3.17,0.38,10.6,good,0,good
7.8,0.25,0.41,3.7,0.042,37.0,149.0,0.9954,3.36,0.45,10.0,good,0,good
6.8,0.32,0.23,3.3,0.026,31.0,99.0,0.9896,3.1,0.4,12.4,good,0,good
7.1,0.26,0.32,5.9,0.037,39.0,97.0,0.9934,3.31,0.4,11.6,good,0,good
7.6,0.19,0.37,13.1,0.033,52.0,151.0,0.99726,3.18,0.79,10.4,good,0,good
5.5,0.62,0.33,1.7,0.037,24.0,118.0,0.98758,3.15,0.39,13.55,good,0,good
7.1,0.39,0.39,11.1,0.034,25.0,204.0,0.99616,3.05,0.52,10.0,good,0,good
7.6,0.16,0.41,1.9,0.047,27.0,151.0,0.9937,3.2,0.53,10.1,good,0,good
6.7,0.36,0.26,7.9,0.034,39.0,123.0,0.99119,2.99,0.3,12.2,good,0,good
